Origin,Destination,Date range: 2024-08-27 - 2024-08-27 Time range: 00:00 - 01:00 Trips,Date range: 2024-08-27 - 2024-08-27 Time range: 00:00 - 01:00 Percent,Date range: 2024-08-27 - 2024-08-27 Time range: 01:00 - 02:00 Trips,Date range: 2024-08-27 - 2024-08-27 Time range: 01:00 - 02:00 Percent,Date range: 2024-08-27 - 2024-08-27 Time range: 02:00 - 03:00 Trips,Date range: 2024-08-27 - 2024-08-27 Time range: 02:00 - 03:00 Percent,Date range: 2024-08-27 - 2024-08-27 Time range: 03:00 - 04:00 Trips,Date range: 2024-08-27 - 2024-08-27 Time range: 03:00 - 04:00 Percent,Date range: 2024-08-27 - 2024-08-27 Time range: 04:00 - 05:00 Trips,Date range: 2024-08-27 - 2024-08-27 Time range: 04:00 - 05:00 Percent,Date range: 2024-08-27 - 2024-08-27 Time range: 05:00 - 06:00 Trips,Date range: 2024-08-27 - 2024-08-27 Time range: 05:00 - 06:00 Percent,Date range: 2024-08-27 - 2024-08-27 Time range: 06:00 - 07:00 Trips,Date range: 2024-08-27 - 2024-08-27 Time range: 06:00 - 07:00 Percent,Date range: 2024-08-27 - 2024-08-27 Time range: 07:00 - 08:00 Trips,Date range: 2024-08-27 - 2024-08-27 Time range: 07:00 - 08:00 Percent,Date range: 2024-08-27 - 2024-08-27 Time range: 08:00 - 09:00 Trips,Date range: 2024-08-27 - 2024-08-27 Time range: 08:00 - 09:00 Percent,Date range: 2024-08-27 - 2024-08-27 Time range: 09:00 - 10:00 Trips,Date range: 2024-08-27 - 2024-08-27 Time range: 09:00 - 10:00 Percent,Date range: 2024-08-27 - 2024-08-27 Time range: 10:00 - 11:00 Trips,Date range: 2024-08-27 - 2024-08-27 Time range: 10:00 - 11:00 Percent,Date range: 2024-08-27 - 2024-08-27 Time range: 11:00 - 12:00 Trips,Date range: 2024-08-27 - 2024-08-27 Time range: 11:00 - 12:00 Percent,Date range: 2024-08-27 - 2024-08-27 Time range: 12:00 - 13:00 Trips,Date range: 2024-08-27 - 2024-08-27 Time range: 12:00 - 13:00 Percent,Date range: 2024-08-27 - 2024-08-27 Time range: 13:00 - 14:00 Trips,Date range: 2024-08-27 - 2024-08-27 Time range: 13:00 - 14:00 Percent,Date range: 2024-08-27 - 2024-08-27 Time range: 14:00 - 15:00 Trips,Date range: 2024-08-27 - 2024-08-27 Time range: 14:00 - 15:00 Percent,Date range: 2024-08-27 - 2024-08-27 Time range: 15:00 - 16:00 Trips,Date range: 2024-08-27 - 2024-08-27 Time range: 15:00 - 16:00 Percent,Date range: 2024-08-27 - 2024-08-27 Time range: 16:00 - 17:00 Trips,Date range: 2024-08-27 - 2024-08-27 Time range: 16:00 - 17:00 Percent,Date range: 2024-08-27 - 2024-08-27 Time range: 17:00 - 18:00 Trips,Date range: 2024-08-27 - 2024-08-27 Time range: 17:00 - 18:00 Percent,Date range: 2024-08-27 - 2024-08-27 Time range: 18:00 - 19:00 Trips,Date range: 2024-08-27 - 2024-08-27 Time range: 18:00 - 19:00 Percent,Date range: 2024-08-27 - 2024-08-27 Time range: 19:00 - 20:00 Trips,Date range: 2024-08-27 - 2024-08-27 Time range: 19:00 - 20:00 Percent,Date range: 2024-08-27 - 2024-08-27 Time range: 20:00 - 21:00 Trips,Date range: 2024-08-27 - 2024-08-27 Time range: 20:00 - 21:00 Percent,Date range: 2024-08-27 - 2024-08-27 Time range: 21:00 - 22:00 Trips,Date range: 2024-08-27 - 2024-08-27 Time range: 21:00 - 22:00 Percent,Date range: 2024-08-27 - 2024-08-27 Time range: 22:00 - 23:00 Trips,Date range: 2024-08-27 - 2024-08-27 Time range: 22:00 - 23:00 Percent,Date range: 2024-08-27 - 2024-08-27 Time range: 23:00 - 00:00 Trips,Date range: 2024-08-27 - 2024-08-27 Time range: 23:00 - 00:00 Percent
Region 0,Region 0,773,1.822,418,1.993,258,2.015,221,2.086,317,2.005,566,1.865,1176,2.379,2165,3.25,2384,3.088,1974,2.617,2006,2.838,1972,2.769,2152,2.943,2223,3.05,2456,3.419,2648,3.64,2786,3.771,2904,3.377,2588,2.814,2064,2.555,1724,2.357,1471,2.156,1325,2.195,889,1.9
Region 0,Region 1,76,0.179,36,0.172,36,0.281,45,0.425,110,0.696,272,0.896,335,0.678,300,0.45,284,0.368,223,0.296,182,0.258,172,0.241,157,0.215,161,0.221,140,0.195,153,0.21,123,0.167,146,0.17,139,0.151,105,0.13,99,0.135,100,0.147,119,0.197,85,0.182
Region 0,Region 2,92,0.217,58,0.277,56,0.437,85,0.802,211,1.335,412,1.357,434,0.878,350,0.525,330,0.427,340,0.451,311,0.44,242,0.34,267,0.365,189,0.259,216,0.301,234,0.322,308,0.417,403,0.469,366,0.398,277,0.343,227,0.31,184,0.27,172,0.285,132,0.282
Region 0,Region 3,469,1.105,274,1.306,219,1.711,215,2.03,356,2.252,625,2.059,853,1.726,1070,1.606,1084,1.404,1077,1.428,988,1.398,975,1.369,883,1.207,812,1.114,814,1.133,874,1.201,1026,1.389,1135,1.32,1034,1.124,859,1.064,763,1.043,875,1.282,750,1.242,506,1.082
Region 0,Region 4,62,0.146,29,0.138,12,0.094,9,0.085,25,0.158,162,0.534,230,0.465,201,0.302,127,0.164,84,0.111,65,0.092,65,0.091,67,0.092,76,0.104,49,0.068,50,0.069,47,0.064,86,0.1,93,0.101,78,0.097,64,0.087,76,0.111,66,0.109,61,0.13
Region 0,Region 5,44,0.104,13,0.062,8,0.062,22,0.208,52,0.329,93,0.306,162,0.328,161,0.242,141,0.183,116,0.154,96,0.136,114,0.16,113,0.155,93,0.128,108,0.15,126,0.173,115,0.156,135,0.157,118,0.128,87,0.108,67,0.092,63,0.092,53,0.088,45,0.096
Region 0,Region 6,14,0.033,5,0.024,8,0.062,17,0.16,38,0.24,79,0.26,62,0.125,41,0.062,34,0.044,33,0.044,42,0.059,26,0.037,34,0.046,21,0.029,17,0.024,23,0.032,26,0.035,32,0.037,32,0.035,27,0.033,29,0.04,21,0.031,23,0.038,24,0.051
Region 0,Region 7,31,0.073,14,0.067,10,0.078,19,0.179,58,0.367,124,0.408,183,0.37,174,0.261,149,0.193,113,0.15,97,0.137,88,0.124,83,0.113,78,0.107,79,0.11,70,0.096,72,0.097,96,0.112,110,0.12,72,0.089,45,0.062,32,0.047,38,0.063,23,0.049
Region 0,Region 8,5,0.012,2,0.01,0,0,1,0.009,10,0.063,29,0.096,50,0.101,51,0.077,39,0.051,34,0.045,25,0.035,33,0.046,23,0.031,25,0.034,23,0.032,38,0.052,35,0.047,35,0.041,34,0.037,19,0.024,24,0.033,20,0.029,14,0.023,2,0.004
Region 0,Region 9,169,0.398,106,0.505,82,0.641,81,0.765,174,1.101,434,1.43,773,1.564,959,1.439,853,1.105,682,0.904,579,0.819,566,0.795,463,0.633,421,0.578,537,0.747,505,0.694,557,0.754,674,0.784,574,0.624,448,0.555,401,0.548,346,0.507,324,0.537,279,0.596
Region 0,Region 10,9,0.021,7,0.033,5,0.039,7,0.066,35,0.221,109,0.359,173,0.35,151,0.227,120,0.155,91,0.121,79,0.112,68,0.095,67,0.092,74,0.102,82,0.114,60,0.082,60,0.081,76,0.088,64,0.07,40,0.05,36,0.049,41,0.06,22,0.036,21,0.045
Region 0,Region 11,18,0.042,1,0.005,5,0.039,15,0.142,40,0.253,97,0.32,174,0.352,149,0.224,137,0.177,144,0.191,117,0.166,130,0.183,94,0.129,84,0.115,85,0.118,91,0.125,89,0.12,94,0.109,63,0.069,54,0.067,59,0.081,67,0.098,37,0.061,30,0.064
Region 0,Region 12,28,0.066,12,0.057,9,0.07,12,0.113,29,0.183,65,0.214,126,0.255,166,0.249,167,0.216,114,0.151,95,0.134,95,0.133,88,0.12,88,0.121,98,0.136,101,0.139,115,0.156,108,0.126,111,0.121,84,0.104,81,0.111,64,0.094,42,0.07,29,0.062
Region 0,Region 13,0,0,0,0,0,0,0,0,0,0,0,0,0,0,0,0,0,0,0,0,0,0,0,0,0,0,0,0,0,0,0,0,0,0,0,0,0,0,0,0,0,0,0,0,0,0,0,0
Region 0,Region 14,15,0.035,4,0.019,2,0.016,8,0.076,21,0.133,63,0.208,89,0.18,109,0.164,125,0.162,97,0.129,78,0.11,94,0.132,81,0.111,94,0.129,116,0.161,123,0.169,119,0.161,155,0.18,121,0.132,90,0.111,56,0.077,39,0.057,32,0.053,19,0.041
Region 0,Region 15,37,0.087,18,0.086,12,0.094,17,0.16,40,0.253,94,0.31,176,0.356,195,0.293,166,0.215,132,0.175,104,0.147,109,0.153,85,0.116,87,0.119,79,0.11,90,0.124,79,0.107,112,0.13,119,0.129,82,0.102,72,0.098,56,0.082,60,0.099,47,0.1
Region 0,Region 16,23,0.054,10,0.048,11,0.086,17,0.16,44,0.278,109,0.359,207,0.419,247,0.371,210,0.272,153,0.203,158,0.224,220,0.309,193,0.264,183,0.251,156,0.217,154,0.212,159,0.215,191,0.222,166,0.18,120,0.149,92,0.126,78,0.114,63,0.104,40,0.085
Region 1,Region 0,128,0.302,69,0.329,39,0.305,37,0.349,50,0.316,81,0.267,122,0.247,179,0.269,137,0.177,144,0.191,156,0.221,127,0.178,129,0.176,159,0.218,195,0.271,165,0.227,96,0.13,118,0.137,181,0.197,168,0.208,208,0.284,251,0.368,232,0.384,173,0.37
Region 1,Region 1,2423,5.71,1220,5.816,699,5.461,536,5.06,680,4.302,1189,3.917,2090,4.228,3324,4.989,4479,5.801,4901,6.496,4790,6.778,4889,6.864,5259,7.191,5100,6.998,4702,6.545,4949,6.802,4899,6.632,5779,6.72,6313,6.864,5152,6.379,4087,5.587,3784,5.545,3605,5.972,2769,5.919
Region 1,Region 2,76,0.179,33,0.157,16,0.125,23,0.217,47,0.297,69,0.227,122,0.247,170,0.255,223,0.289,256,0.339,235,0.333,161,0.226,182,0.249,270,0.37,225,0.313,139,0.191,136,0.184,165,0.192,155,0.169,100,0.124,76,0.104,95,0.139,72,0.119,81,0.173
Region 1,Region 3,188,0.443,88,0.42,56,0.437,32,0.302,49,0.31,88,0.29,114,0.231,152,0.228,151,0.196,146,0.194,135,0.191,133,0.187,142,0.194,182,0.25,195,0.271,180,0.247,145,0.196,195,0.227,211,0.229,220,0.272,212,0.29,249,0.365,233,0.386,208,0.445
Region 1,Region 4,261,0.615,122,0.582,72,0.562,33,0.312,22,0.139,38,0.125,154,0.312,238,0.357,316,0.409,287,0.38,246,0.348,209,0.293,237,0.324,229,0.314,235,0.327,166,0.228,207,0.28,273,0.317,353,0.384,332,0.411,326,0.446,370,0.542,357,0.591,264,0.564
Region 1,Region 5,395,0.931,261,1.244,139,1.086,125,1.18,166,1.05,186,0.613,265,0.536,375,0.563,469,0.607,540,0.716,494,0.699,486,0.682,569,0.778,584,0.801,608,0.846,531,0.73,509,0.689,597,0.694,724,0.787,674,0.834,636,0.869,650,0.953,558,0.924,359,0.767
Region 1,Region 6,184,0.434,88,0.42,42,0.328,32,0.302,33,0.209,40,0.132,82,0.166,108,0.162,139,0.18,148,0.196,142,0.201,140,0.197,153,0.209,138,0.189,130,0.181,213,0.293,181,0.245,251,0.292,269,0.292,225,0.279,262,0.358,253,0.371,262,0.434,189,0.404
Region 1,Region 7,700,1.65,433,2.064,219,1.711,124,1.171,198,1.253,316,1.041,554,1.121,793,1.19,898,1.163,864,1.145,855,1.21,1059,1.487,1047,1.432,1089,1.494,1044,1.453,1043,1.434,1122,1.519,1296,1.507,1518,1.651,1449,1.794,1333,1.822,1305,1.912,1262,2.091,779,1.665
Region 1,Region 8,43,0.101,27,0.129,16,0.125,9,0.085,5,0.032,11,0.036,17,0.034,40,0.06,38,0.049,32,0.042,32,0.045,45,0.063,48,0.066,44,0.06,41,0.057,46,0.063,51,0.069,77,0.09,104,0.113,84,0.104,91,0.124,83,0.122,78,0.129,48,0.103
Region 1,Region 9,79,0.186,38,0.181,26,0.203,19,0.179,23,0.145,43,0.142,60,0.121,48,0.072,52,0.067,40,0.053,34,0.048,45,0.063,24,0.033,47,0.064,41,0.057,37,0.051,38,0.051,55,0.064,55,0.06,56,0.069,53,0.072,70,0.103,74,0.123,65,0.139
Region 1,Region 10,197,0.464,118,0.563,56,0.437,36,0.34,36,0.228,58,0.191,145,0.293,207,0.311,247,0.32,241,0.319,221,0.313,291,0.409,277,0.379,261,0.358,224,0.312,268,0.368,281,0.38,351,0.408,478,0.52,416,0.515,423,0.578,387,0.567,354,0.586,253,0.541
Region 1,Region 11,309,0.728,118,0.563,65,0.508,76,0.718,113,0.715,221,0.728,369,0.746,567,0.851,669,0.867,592,0.785,616,0.872,580,0.814,571,0.781,663,0.91,612,0.852,578,0.794,547,0.74,647,0.752,748,0.813,691,0.856,588,0.804,554,0.812,499,0.827,366,0.782
Region 1,Region 12,42,0.099,16,0.076,16,0.125,7,0.066,12,0.076,22,0.072,27,0.055,34,0.051,39,0.051,38,0.05,42,0.059,35,0.049,32,0.044,38,0.052,36,0.05,63,0.087,62,0.084,77,0.09,56,0.061,45,0.056,43,0.059,51,0.075,55,0.091,51,0.109
Region 1,Region 13,0,0,0,0,0,0,0,0,0,0,0,0,0,0,0,0,0,0,0,0,0,0,0,0,0,0,0,0,0,0,0,0,0,0,0,0,0,0,0,0,0,0,0,0,0,0,1,0.002
Region 1,Region 14,82,0.193,32,0.153,16,0.125,16,0.151,25,0.158,38,0.125,61,0.123,83,0.125,94,0.122,82,0.109,83,0.117,79,0.111,91,0.124,79,0.108,76,0.106,73,0.1,92,0.125,97,0.113,115,0.125,94,0.116,97,0.133,126,0.185,120,0.199,103,0.22
Region 1,Region 15,366,0.863,187,0.892,123,0.961,97,0.916,123,0.778,190,0.626,296,0.599,341,0.512,274,0.355,328,0.435,324,0.458,360,0.505,306,0.418,351,0.482,411,0.572,441,0.606,384,0.52,498,0.579,556,0.605,391,0.484,400,0.547,385,0.564,388,0.643,400,0.855
Region 1,Region 16,240,0.566,103,0.491,66,0.516,50,0.472,78,0.493,133,0.438,206,0.417,368,0.552,420,0.544,379,0.502,362,0.512,368,0.517,345,0.472,412,0.565,350,0.487,317,0.436,348,0.471,443,0.515,502,0.546,499,0.618,376,0.514,364,0.533,357,0.591,280,0.598
Region 2,Region 0,179,0.422,99,0.472,50,0.391,45,0.425,75,0.474,138,0.455,245,0.496,319,0.479,251,0.325,266,0.353,214,0.303,169,0.237,186,0.254,233,0.32,245,0.341,214,0.294,157,0.213,199,0.231,232,0.252,242,0.3,218,0.298,201,0.295,226,0.374,239,0.511
Region 2,Region 1,217,0.511,74,0.353,19,0.148,23,0.217,42,0.266,101,0.333,167,0.338,198,0.297,202,0.262,208,0.276,180,0.255,232,0.326,213,0.291,210,0.288,284,0.395,191,0.263,208,0.282,235,0.273,270,0.294,238,0.295,185,0.253,205,0.3,174,0.288,190,0.406
Region 2,Region 2,1859,4.381,821,3.914,469,3.664,450,4.248,868,5.491,1737,5.722,2873,5.812,3386,5.082,3733,4.835,3427,4.542,3232,4.573,3580,5.026,3269,4.47,3156,4.331,3328,4.632,3552,4.882,3469,4.696,3788,4.405,3836,4.171,3014,3.732,2631,3.597,2216,3.248,2009,3.328,1896,4.053
Region 2,Region 3,479,1.129,176,0.839,131,1.023,64,0.604,123,0.778,362,1.193,627,1.268,765,1.148,653,0.846,641,0.85,567,0.802,629,0.883,563,0.77,599,0.822,622,0.866,514,0.706,458,0.62,530,0.616,530,0.576,550,0.681,579,0.792,479,0.702,430,0.712,498,1.064
Region 2,Region 4,37,0.087,11,0.052,12,0.094,4,0.038,2,0.013,21,0.069,52,0.105,60,0.09,62,0.08,51,0.068,38,0.054,33,0.046,29,0.04,37,0.051,28,0.039,17,0.023,28,0.038,35,0.041,42,0.046,59,0.073,40,0.055,38,0.056,39,0.065,33,0.071
Region 2,Region 5,15,0.035,7,0.033,2,0.016,2,0.019,7,0.044,11,0.036,14,0.028,15,0.023,19,0.025,13,0.017,12,0.017,25,0.035,31,0.042,21,0.029,27,0.038,16,0.022,14,0.019,24,0.028,22,0.024,26,0.032,21,0.029,21,0.031,16,0.027,19,0.041
Region 2,Region 6,39,0.092,9,0.043,4,0.031,3,0.028,4,0.025,36,0.119,54,0.109,40,0.06,32,0.041,34,0.045,33,0.047,33,0.046,32,0.044,37,0.051,29,0.04,26,0.036,31,0.042,46,0.053,42,0.046,45,0.056,44,0.06,48,0.07,29,0.048,27,0.058
Region 2,Region 7,44,0.104,15,0.072,5,0.039,6,0.057,11,0.07,33,0.109,56,0.113,47,0.071,51,0.066,53,0.07,42,0.059,61,0.086,56,0.077,57,0.078,71,0.099,44,0.06,44,0.06,64,0.074,63,0.069,53,0.066,59,0.081,38,0.056,36,0.06,36,0.077
Region 2,Region 8,3,0.007,2,0.01,0,0,0,0,1,0.006,2,0.007,3,0.006,5,0.008,4,0.005,7,0.009,4,0.006,3,0.004,3,0.004,2,0.003,2,0.003,0,0,1,0.001,3,0.003,5,0.005,8,0.01,7,0.01,1,0.001,1,0.002,2,0.004
Region 2,Region 9,134,0.316,65,0.31,36,0.281,22,0.208,30,0.19,73,0.24,178,0.36,193,0.29,159,0.206,132,0.175,117,0.166,114,0.16,121,0.165,140,0.192,146,0.203,109,0.15,101,0.137,114,0.133,122,0.133,121,0.15,91,0.124,108,0.158,118,0.195,148,0.316
Region 2,Region 10,18,0.042,9,0.043,2,0.016,4,0.038,7,0.044,18,0.059,41,0.083,47,0.071,35,0.045,29,0.038,22,0.031,27,0.038,21,0.029,14,0.019,29,0.04,19,0.026,19,0.026,21,0.024,32,0.035,28,0.035,22,0.03,23,0.034,24,0.04,23,0.049
Region 2,Region 11,112,0.264,41,0.195,6,0.047,13,0.123,43,0.272,147,0.484,240,0.485,269,0.404,269,0.348,265,0.351,247,0.349,237,0.333,229,0.313,233,0.32,257,0.358,241,0.331,193,0.261,241,0.28,272,0.296,222,0.275,187,0.256,162,0.237,150,0.248,126,0.269
Region 2,Region 12,64,0.151,20,0.095,7,0.055,5,0.047,12,0.076,40,0.132,101,0.204,110,0.165,102,0.132,77,0.102,68,0.096,61,0.086,72,0.098,72,0.099,95,0.132,97,0.133,76,0.103,71,0.083,55,0.06,50,0.062,50,0.068,55,0.081,46,0.076,59,0.126
Region 2,Region 13,0,0,0,0,0,0,0,0,0,0,0,0,0,0,0,0,0,0,0,0,0,0,0,0,0,0,0,0,0,0,0,0,0,0,0,0,0,0,0,0,0,0,0,0,0,0,0,0
Region 2,Region 14,53,0.125,24,0.114,5,0.039,7,0.066,15,0.095,37,0.122,52,0.105,75,0.113,57,0.074,70,0.093,50,0.071,56,0.079,73,0.1,71,0.097,77,0.107,70,0.096,64,0.087,89,0.103,69,0.075,60,0.074,61,0.083,58,0.085,41,0.068,49,0.105
Region 2,Region 15,337,0.794,133,0.634,85,0.664,36,0.34,82,0.519,209,0.688,411,0.831,442,0.663,383,0.496,387,0.513,350,0.495,421,0.591,354,0.484,389,0.534,484,0.674,591,0.812,536,0.726,586,0.681,452,0.491,377,0.467,335,0.458,297,0.435,283,0.469,290,0.62
Region 2,Region 16,17,0.04,9,0.043,2,0.016,0,0,5,0.032,25,0.082,56,0.113,70,0.105,49,0.063,47,0.062,37,0.052,66,0.093,67,0.092,58,0.08,53,0.074,41,0.056,40,0.054,47,0.055,49,0.053,50,0.062,46,0.063,38,0.056,30,0.05,37,0.079
Region 3,Region 0,624,1.471,318,1.516,238,1.859,245,2.313,375,2.372,684,2.253,955,1.932,1374,2.062,1462,1.894,1183,1.568,1050,1.486,991,1.391,1071,1.464,1241,1.703,1276,1.776,1213,1.667,1375,1.861,1639,1.906,1572,1.709,1457,1.804,1183,1.617,1025,1.502,760,1.259,614,1.312
Region 3,Region 1,103,0.243,68,0.324,45,0.352,71,0.67,119,0.753,242,0.797,365,0.738,354,0.531,288,0.373,207,0.274,171,0.242,138,0.194,160,0.219,193,0.265,159,0.221,140,0.192,144,0.195,183,0.213,196,0.213,178,0.22,140,0.191,164,0.24,166,0.275,112,0.239
Region 3,Region 2,235,0.554,122,0.582,100,0.781,155,1.463,269,1.702,487,1.604,550,1.113,609,0.914,675,0.874,800,1.06,753,1.065,626,0.879,596,0.815,633,0.869,667,0.928,644,0.885,620,0.839,748,0.87,783,0.851,608,0.753,525,0.718,450,0.659,358,0.593,233,0.498
Region 3,Region 3,2838,6.688,1490,7.104,1260,9.843,1309,12.358,1800,11.387,2754,9.072,3617,7.317,4016,6.028,4077,5.281,4159,5.513,3896,5.513,3838,5.389,4067,5.561,4384,6.016,4238,5.899,4069,5.593,4324,5.853,4928,5.731,5125,5.572,4898,6.064,4272,5.84,3896,5.71,3019,5.001,2289,4.893
Region 3,Region 4,95,0.224,62,0.296,47,0.367,35,0.33,25,0.158,108,0.356,201,0.407,191,0.287,137,0.177,99,0.131,75,0.106,52,0.073,73,0.1,83,0.114,67,0.093,47,0.065,97,0.131,139,0.162,183,0.199,160,0.198,154,0.211,141,0.207,115,0.19,91,0.195
Region 3,Region 5,57,0.134,17,0.081,20,0.156,26,0.245,50,0.316,108,0.356,182,0.368,156,0.234,110,0.142,81,0.107,69,0.098,50,0.07,64,0.088,82,0.113,80,0.111,70,0.096,115,0.156,116,0.135,120,0.13,89,0.11,81,0.111,110,0.161,84,0.139,52,0.111
Region 3,Region 6,39,0.092,21,0.1,18,0.141,19,0.179,29,0.183,70,0.231,63,0.127,53,0.08,47,0.061,38,0.05,31,0.044,24,0.034,33,0.045,41,0.056,35,0.049,46,0.063,41,0.056,52,0.06,84,0.091,86,0.106,80,0.109,66,0.097,57,0.094,45,0.096
Region 3,Region 7,27,0.064,21,0.1,18,0.141,23,0.217,36,0.228,100,0.329,151,0.305,149,0.224,126,0.163,68,0.09,57,0.081,56,0.079,57,0.078,62,0.085,59,0.082,44,0.06,56,0.076,106,0.123,109,0.119,91,0.113,66,0.09,61,0.089,64,0.106,45,0.096
Region 3,Region 8,8,0.019,2,0.01,4,0.031,8,0.076,8,0.051,20,0.066,39,0.079,39,0.059,37,0.048,23,0.03,11,0.016,10,0.014,12,0.016,18,0.025,21,0.029,22,0.03,23,0.031,31,0.036,22,0.024,19,0.024,14,0.019,14,0.021,4,0.007,11,0.024
Region 3,Region 9,395,0.931,217,1.035,169,1.32,167,1.577,238,1.506,559,1.841,899,1.819,1156,1.735,1206,1.562,993,1.316,777,1.099,726,1.019,703,0.961,710,0.974,748,1.041,729,1.002,730,0.988,784,0.912,754,0.82,700,0.867,587,0.802,622,0.912,559,0.926,393,0.84
Region 3,Region 10,21,0.049,9,0.043,6,0.047,14,0.132,31,0.196,80,0.264,118,0.239,132,0.198,91,0.118,65,0.086,51,0.072,51,0.072,42,0.057,51,0.07,48,0.067,47,0.065,74,0.1,105,0.122,87,0.095,67,0.083,43,0.059,37,0.054,34,0.056,27,0.058
Region 3,Region 11,17,0.04,5,0.024,2,0.016,12,0.113,26,0.164,91,0.3,163,0.33,157,0.236,140,0.181,132,0.175,115,0.163,107,0.15,97,0.133,97,0.133,121,0.168,94,0.129,78,0.106,110,0.128,89,0.097,73,0.09,58,0.079,48,0.07,35,0.058,18,0.038
Region 3,Region 12,48,0.113,28,0.133,26,0.203,21,0.198,57,0.361,119,0.392,194,0.392,216,0.324,216,0.28,164,0.217,109,0.154,113,0.159,95,0.13,123,0.169,130,0.181,131,0.18,112,0.152,135,0.157,150,0.163,121,0.15,92,0.126,92,0.135,70,0.116,47,0.1
Region 3,Region 13,0,0,0,0,0,0,0,0,0,0,0,0,0,0,0,0,0,0,0,0,0,0,0,0,0,0,0,0,0,0,0,0,0,0,0,0,0,0,0,0,0,0,0,0,0,0,0,0
Region 3,Region 14,33,0.078,18,0.086,14,0.109,15,0.142,32,0.202,52,0.171,117,0.237,138,0.207,133,0.172,97,0.129,86,0.122,89,0.125,104,0.142,108,0.148,100,0.139,115,0.158,106,0.143,134,0.156,141,0.153,130,0.161,96,0.131,73,0.107,49,0.081,54,0.115
Region 3,Region 15,73,0.172,48,0.229,38,0.297,38,0.359,77,0.487,172,0.567,271,0.548,275,0.413,239,0.31,226,0.3,205,0.29,196,0.275,156,0.213,161,0.221,175,0.244,169,0.232,182,0.246,191,0.222,182,0.198,154,0.191,145,0.198,139,0.204,97,0.161,60,0.128
Region 3,Region 16,37,0.087,15,0.072,26,0.203,18,0.17,54,0.342,129,0.425,234,0.473,269,0.404,209,0.271,182,0.241,141,0.2,160,0.225,152,0.208,126,0.173,140,0.195,127,0.175,158,0.214,187,0.217,177,0.192,147,0.182,149,0.204,148,0.217,107,0.177,52,0.111
Region 4,Region 0,53,0.125,26,0.124,13,0.102,24,0.227,34,0.215,104,0.343,139,0.281,139,0.209,109,0.141,66,0.087,63,0.089,75,0.105,72,0.098,62,0.085,74,0.103,60,0.082,43,0.058,88,0.102,84,0.091,107,0.132,85,0.116,96,0.141,89,0.147,60,0.128
Region 4,Region 1,100,0.236,46,0.219,31,0.242,21,0.198,83,0.525,210,0.692,405,0.819,425,0.638,346,0.448,325,0.431,259,0.366,280,0.393,285,0.39,288,0.395,261,0.363,228,0.313,239,0.324,261,0.304,272,0.296,206,0.255,221,0.302,202,0.296,201,0.333,111,0.237
Region 4,Region 2,15,0.035,5,0.024,2,0.016,5,0.047,18,0.114,35,0.115,36,0.073,38,0.057,26,0.034,23,0.03,36,0.051,29,0.041,33,0.045,29,0.04,29,0.04,25,0.034,33,0.045,34,0.04,36,0.039,25,0.031,21,0.029,27,0.04,30,0.05,16,0.034
Region 4,Region 3,71,0.167,27,0.129,14,0.109,12,0.113,18,0.114,69,0.227,105,0.212,136,0.204,107,0.139,86,0.114,82,0.116,89,0.125,67,0.092,60,0.082,86,0.12,53,0.073,55,0.074,94,0.109,102,0.111,111,0.137,127,0.174,105,0.154,79,0.131,81,0.173
Region 4,Region 4,894,2.107,357,1.702,221,1.726,181,1.709,197,1.246,506,1.667,953,1.928,1334,2.002,1686,2.184,1950,2.585,1606,2.272,1514,2.126,1573,2.151,1619,2.222,1354,1.885,1218,1.674,1298,1.757,1682,1.956,1709,1.858,1545,1.913,1441,1.97,1468,2.151,1295,2.145,921,1.969
Region 4,Region 5,92,0.217,51,0.243,27,0.211,39,0.368,50,0.316,94,0.31,132,0.267,187,0.281,160,0.207,169,0.224,157,0.222,149,0.209,146,0.2,157,0.215,136,0.189,119,0.164,128,0.173,120,0.14,159,0.173,130,0.161,128,0.175,122,0.179,97,0.161,64,0.137
Region 4,Region 6,90,0.212,37,0.176,17,0.133,16,0.151,50,0.316,94,0.31,127,0.257,127,0.191,133,0.172,138,0.183,105,0.149,118,0.166,106,0.145,124,0.17,130,0.181,172,0.236,150,0.203,212,0.247,206,0.224,177,0.219,206,0.282,156,0.229,139,0.23,116,0.248
Region 4,Region 7,105,0.247,45,0.215,27,0.211,29,0.274,84,0.531,182,0.6,338,0.684,434,0.651,403,0.522,409,0.542,363,0.514,330,0.463,366,0.5,346,0.475,291,0.405,264,0.363,309,0.418,350,0.407,334,0.363,258,0.319,271,0.37,279,0.409,213,0.353,151,0.323
Region 4,Region 8,29,0.068,19,0.091,11,0.086,13,0.123,6,0.038,19,0.063,50,0.101,83,0.125,95,0.123,111,0.147,86,0.122,78,0.11,74,0.101,66,0.091,63,0.088,73,0.1,69,0.093,104,0.121,103,0.112,82,0.102,74,0.101,78,0.114,70,0.116,40,0.085
Region 4,Region 9,26,0.061,15,0.072,13,0.102,6,0.057,12,0.076,35,0.115,47,0.095,32,0.048,23,0.03,22,0.029,18,0.025,30,0.042,15,0.021,20,0.027,26,0.036,16,0.022,25,0.034,31,0.036,37,0.04,25,0.031,30,0.041,49,0.072,47,0.078,28,0.06
Region 4,Region 10,277,0.653,122,0.582,90,0.703,69,0.651,142,0.898,307,1.011,558,1.129,762,1.144,883,1.144,1005,1.332,878,1.242,707,0.993,758,1.036,719,0.987,533,0.742,461,0.634,484,0.655,593,0.69,742,0.807,687,0.851,683,0.934,616,0.903,552,0.914,287,0.613
Region 4,Region 11,16,0.038,8,0.038,5,0.039,7,0.066,22,0.139,57,0.188,95,0.192,88,0.132,94,0.122,79,0.105,80,0.113,65,0.091,65,0.089,65,0.089,57,0.079,41,0.056,38,0.051,58,0.067,71,0.077,37,0.046,52,0.071,64,0.094,51,0.084,31,0.066
Region 4,Region 12,9,0.021,4,0.019,2,0.016,3,0.028,5,0.032,16,0.053,15,0.03,19,0.029,12,0.016,15,0.02,16,0.023,17,0.024,11,0.015,9,0.012,8,0.011,10,0.014,10,0.014,14,0.016,17,0.018,15,0.019,24,0.033,22,0.032,21,0.035,12,0.026
Region 4,Region 13,0,0,0,0,0,0,0,0,0,0,0,0,0,0,0,0,0,0,0,0,0,0,0,0,0,0,0,0,0,0,0,0,0,0,0,0,0,0,1,0.001,0,0,0,0,0,0,0,0
Region 4,Region 14,10,0.024,6,0.029,2,0.016,4,0.038,9,0.057,15,0.049,25,0.051,27,0.041,20,0.026,15,0.02,17,0.024,26,0.037,16,0.022,17,0.023,14,0.019,10,0.014,12,0.016,19,0.022,20,0.022,16,0.02,21,0.029,24,0.035,28,0.046,21,0.045
Region 4,Region 15,137,0.323,73,0.348,38,0.297,50,0.472,106,0.671,188,0.619,298,0.603,243,0.365,190,0.246,156,0.207,178,0.252,215,0.302,176,0.241,160,0.22,177,0.246,188,0.258,214,0.29,259,0.301,221,0.24,178,0.22,183,0.25,155,0.227,190,0.315,128,0.274
Region 4,Region 16,15,0.035,9,0.043,5,0.039,4,0.038,10,0.063,27,0.089,64,0.129,63,0.095,34,0.044,15,0.02,18,0.025,22,0.031,22,0.03,26,0.036,28,0.039,25,0.034,29,0.039,40,0.047,38,0.041,41,0.051,30,0.041,42,0.062,38,0.063,17,0.036
Region 5,Region 0,57,0.134,29,0.138,23,0.18,15,0.142,15,0.095,28,0.092,50,0.101,82,0.123,110,0.142,81,0.107,97,0.137,83,0.117,92,0.126,100,0.137,118,0.164,107,0.147,71,0.096,93,0.108,81,0.088,91,0.113,103,0.141,112,0.164,134,0.222,78,0.167
Region 5,Region 1,396,0.933,263,1.254,166,1.297,152,1.435,242,1.531,410,1.351,486,0.983,544,0.817,660,0.855,623,0.826,549,0.777,585,0.821,622,0.851,541,0.742,469,0.653,481,0.661,483,0.654,644,0.749,811,0.882,631,0.781,612,0.837,574,0.841,586,0.971,410,0.876
Region 5,Region 2,9,0.021,6,0.029,3,0.023,3,0.028,9,0.057,11,0.036,16,0.032,16,0.024,25,0.032,42,0.056,47,0.067,17,0.024,22,0.03,19,0.026,17,0.024,5,0.007,11,0.015,12,0.014,8,0.009,2,0.002,8,0.011,9,0.013,8,0.013,16,0.034
Region 5,Region 3,159,0.375,65,0.31,40,0.312,20,0.189,31,0.196,35,0.115,44,0.089,64,0.096,95,0.123,97,0.129,100,0.141,88,0.124,70,0.096,106,0.145,103,0.143,90,0.124,69,0.093,80,0.093,107,0.116,123,0.152,119,0.163,154,0.226,182,0.301,201,0.43
Region 5,Region 4,92,0.217,45,0.215,26,0.203,16,0.151,13,0.082,51,0.168,103,0.208,115,0.173,169,0.219,204,0.27,145,0.205,110,0.154,134,0.183,123,0.169,120,0.167,79,0.109,80,0.108,100,0.116,126,0.137,127,0.157,137,0.187,159,0.233,159,0.263,113,0.242
Region 5,Region 5,854,2.013,506,2.412,261,2.039,192,1.813,357,2.258,811,2.672,1004,2.031,1141,1.713,1685,2.182,1564,2.073,1432,2.026,1426,2.002,1593,2.178,1452,1.992,1336,1.86,1174,1.614,1022,1.383,1347,1.566,1633,1.776,1755,2.173,1568,2.143,1471,2.156,1429,2.367,898,1.919
Region 5,Region 6,49,0.115,24,0.114,11,0.086,14,0.132,13,0.082,38,0.125,49,0.099,37,0.056,25,0.032,32,0.042,21,0.03,19,0.027,30,0.041,24,0.033,27,0.038,20,0.027,19,0.026,34,0.04,46,0.05,47,0.058,49,0.067,52,0.076,55,0.091,60,0.128
Region 5,Region 7,397,0.936,245,1.168,134,1.047,128,1.208,225,1.423,385,1.268,463,0.937,472,0.708,713,0.924,685,0.908,613,0.867,678,0.952,642,0.878,579,0.795,498,0.693,449,0.617,463,0.627,643,0.748,775,0.843,795,0.984,676,0.924,584,0.856,585,0.969,387,0.827
Region 5,Region 8,76,0.179,27,0.129,27,0.211,16,0.151,26,0.164,28,0.092,43,0.087,76,0.114,141,0.183,146,0.194,146,0.207,122,0.171,137,0.187,140,0.192,108,0.15,138,0.19,131,0.177,157,0.183,196,0.213,160,0.198,161,0.22,148,0.217,130,0.215,90,0.192
Region 5,Region 9,38,0.09,18,0.086,9,0.07,4,0.038,6,0.038,5,0.016,24,0.049,27,0.041,37,0.048,37,0.049,48,0.068,39,0.055,33,0.045,43,0.059,25,0.035,26,0.036,14,0.019,17,0.02,23,0.025,22,0.027,27,0.037,38,0.056,41,0.068,50,0.107
Region 5,Region 10,131,0.309,89,0.424,48,0.375,33,0.312,51,0.323,136,0.448,138,0.279,190,0.285,330,0.427,291,0.386,218,0.308,185,0.26,215,0.294,202,0.277,198,0.276,171,0.235,168,0.227,244,0.284,287,0.312,233,0.288,245,0.335,231,0.339,244,0.404,145,0.31
Region 5,Region 11,29,0.068,14,0.067,5,0.039,10,0.094,33,0.209,64,0.211,75,0.152,60,0.09,65,0.084,60,0.08,62,0.088,77,0.108,70,0.096,67,0.092,61,0.085,46,0.063,49,0.066,47,0.055,62,0.067,56,0.069,60,0.082,56,0.082,52,0.086,46,0.098
Region 5,Region 12,41,0.097,20,0.095,11,0.086,7,0.066,10,0.063,13,0.043,23,0.047,30,0.045,38,0.049,38,0.05,37,0.052,35,0.049,47,0.064,38,0.052,45,0.063,43,0.059,30,0.041,27,0.031,37,0.04,21,0.026,30,0.041,41,0.06,34,0.056,49,0.105
Region 5,Region 13,0,0,0,0,0,0,0,0,0,0,0,0,0,0,0,0,0,0,0,0,0,0,0,0,0,0,0,0,0,0,0,0,0,0,0,0,0,0,0,0,0,0,0,0,0,0,0,0
Region 5,Region 14,49,0.115,23,0.11,12,0.094,4,0.038,14,0.089,26,0.086,47,0.095,46,0.069,59,0.076,53,0.07,61,0.086,63,0.088,72,0.098,69,0.095,72,0.1,62,0.085,56,0.076,53,0.062,60,0.065,60,0.074,70,0.096,70,0.103,76,0.126,57,0.122
Region 5,Region 15,30,0.071,27,0.129,18,0.141,11,0.104,20,0.127,25,0.082,29,0.059,41,0.062,19,0.025,30,0.04,24,0.034,22,0.031,29,0.04,25,0.034,22,0.031,35,0.048,32,0.043,26,0.03,33,0.036,38,0.047,35,0.048,37,0.054,41,0.068,32,0.068
Region 5,Region 16,109,0.257,64,0.305,36,0.281,18,0.17,56,0.354,100,0.329,109,0.22,150,0.225,189,0.245,157,0.208,192,0.272,226,0.317,237,0.324,194,0.266,166,0.231,172,0.236,191,0.259,218,0.254,277,0.301,248,0.307,221,0.302,228,0.334,178,0.295,141,0.301
Region 6,Region 0,40,0.094,14,0.067,7,0.055,6,0.057,9,0.057,17,0.056,40,0.081,39,0.059,34,0.044,38,0.05,41,0.058,37,0.052,48,0.066,24,0.033,24,0.033,33,0.045,20,0.027,14,0.016,25,0.027,41,0.051,37,0.051,39,0.057,35,0.058,29,0.062
Region 6,Region 1,177,0.417,67,0.319,43,0.336,29,0.274,62,0.392,109,0.359,173,0.35,225,0.338,221,0.286,188,0.249,197,0.279,176,0.247,144,0.197,133,0.183,151,0.21,159,0.219,167,0.226,175,0.204,207,0.225,173,0.214,216,0.295,227,0.333,181,0.3,174,0.372
Region 6,Region 2,24,0.057,7,0.033,8,0.062,6,0.057,6,0.038,21,0.069,15,0.03,19,0.029,25,0.032,31,0.041,30,0.042,27,0.038,25,0.034,24,0.033,19,0.026,32,0.044,29,0.039,33,0.038,31,0.034,29,0.036,33,0.045,31,0.045,29,0.048,18,0.038
Region 6,Region 3,45,0.106,25,0.119,12,0.094,18,0.17,15,0.095,18,0.059,31,0.063,40,0.06,37,0.048,30,0.04,38,0.054,32,0.045,39,0.053,28,0.038,20,0.028,31,0.043,21,0.028,20,0.023,22,0.024,51,0.063,63,0.086,58,0.085,48,0.08,34,0.073
Region 6,Region 4,274,0.646,99,0.472,39,0.305,33,0.312,42,0.266,79,0.26,129,0.261,171,0.257,192,0.249,219,0.29,181,0.256,126,0.177,171,0.234,137,0.188,171,0.238,115,0.158,156,0.211,186,0.216,165,0.179,187,0.232,202,0.276,201,0.295,190,0.315,189,0.404
Region 6,Region 5,57,0.134,47,0.224,18,0.141,30,0.283,35,0.221,39,0.128,39,0.079,46,0.069,33,0.043,30,0.04,27,0.038,24,0.034,28,0.038,25,0.034,34,0.047,37,0.051,25,0.034,34,0.04,32,0.035,37,0.046,31,0.042,55,0.081,52,0.086,46,0.098
Region 6,Region 6,1424,3.356,590,2.813,347,2.711,276,2.606,413,2.613,719,2.369,1094,2.213,1497,2.247,1909,2.473,1852,2.455,1874,2.652,2106,2.957,2174,2.973,2184,2.997,2196,3.057,2275,3.127,2466,3.338,2735,3.18,3173,3.45,2972,3.68,2770,3.787,2337,3.425,1950,3.23,1703,3.64
Region 6,Region 7,298,0.702,150,0.715,84,0.656,63,0.595,122,0.772,190,0.626,271,0.548,365,0.548,482,0.624,382,0.506,335,0.474,343,0.482,339,0.464,383,0.526,376,0.523,350,0.481,343,0.464,404,0.47,474,0.515,360,0.446,409,0.559,404,0.592,364,0.603,296,0.633
Region 6,Region 8,28,0.066,7,0.033,5,0.039,7,0.066,12,0.076,25,0.082,15,0.03,30,0.045,33,0.043,29,0.038,27,0.038,25,0.035,23,0.031,20,0.027,25,0.035,27,0.037,24,0.032,21,0.024,34,0.037,34,0.042,39,0.053,31,0.045,28,0.046,23,0.049
Region 6,Region 9,47,0.111,35,0.167,3,0.023,3,0.028,6,0.038,11,0.036,19,0.038,22,0.033,13,0.017,11,0.015,10,0.014,9,0.013,6,0.008,4,0.005,9,0.013,12,0.016,12,0.016,8,0.009,13,0.014,19,0.024,26,0.036,22,0.032,27,0.045,25,0.053
Region 6,Region 10,680,1.602,278,1.325,145,1.133,132,1.246,238,1.506,504,1.66,603,1.22,732,1.099,755,0.978,683,0.905,711,1.006,775,1.088,792,1.083,713,0.978,659,0.917,590,0.811,680,0.921,806,0.937,978,1.063,1000,1.238,1066,1.457,818,1.199,634,1.05,560,1.197
Region 6,Region 11,40,0.094,15,0.072,7,0.055,9,0.085,11,0.07,19,0.063,34,0.069,51,0.077,36,0.047,31,0.041,36,0.051,29,0.041,30,0.041,26,0.036,27,0.038,25,0.034,36,0.049,49,0.057,52,0.057,56,0.069,57,0.078,71,0.104,65,0.108,57,0.122
Region 6,Region 12,8,0.019,4,0.019,5,0.039,2,0.019,2,0.013,5,0.016,7,0.014,7,0.011,8,0.01,5,0.007,4,0.006,6,0.008,6,0.008,6,0.008,5,0.007,5,0.007,2,0.003,7,0.008,7,0.008,5,0.006,4,0.005,7,0.01,10,0.017,10,0.021
Region 6,Region 13,0,0,0,0,0,0,0,0,0,0,0,0,0,0,0,0,0,0,0,0,0,0,0,0,0,0,0,0,0,0,0,0,0,0,0,0,0,0,0,0,0,0,0,0,0,0,0,0
Region 6,Region 14,13,0.031,5,0.024,6,0.047,2,0.019,8,0.051,5,0.016,5,0.01,8,0.012,9,0.012,4,0.005,5,0.007,10,0.014,12,0.016,6,0.008,6,0.008,10,0.014,9,0.012,7,0.008,8,0.009,5,0.006,18,0.025,19,0.028,27,0.045,18,0.038
Region 6,Region 15,158,0.372,83,0.396,38,0.297,25,0.236,29,0.183,59,0.194,96,0.194,121,0.182,94,0.122,80,0.106,102,0.144,106,0.149,107,0.146,77,0.106,101,0.141,132,0.181,95,0.129,121,0.141,108,0.117,93,0.115,124,0.17,122,0.179,88,0.146,104,0.222
Region 6,Region 16,10,0.024,2,0.01,2,0.016,3,0.028,6,0.038,6,0.02,11,0.022,11,0.017,8,0.01,12,0.016,9,0.013,9,0.013,12,0.016,5,0.007,8,0.011,11,0.015,12,0.016,12,0.014,21,0.023,14,0.017,16,0.022,18,0.026,19,0.031,17,0.036
Region 7,Region 0,54,0.127,22,0.105,11,0.086,13,0.123,6,0.038,11,0.036,34,0.069,65,0.098,50,0.065,52,0.069,60,0.085,48,0.067,53,0.072,60,0.082,63,0.088,61,0.084,52,0.07,71,0.083,66,0.072,66,0.082,82,0.112,93,0.136,108,0.179,89,0.19
Region 7,Region 1,843,1.987,392,1.869,199,1.555,141,1.331,164,1.037,345,1.137,784,1.586,1129,1.695,1232,1.596,1231,1.632,1101,1.558,1064,1.494,1106,1.512,1009,1.385,972,1.353,1084,1.49,1091,1.477,1270,1.477,1565,1.702,1310,1.622,1213,1.658,1295,1.898,1219,2.019,888,1.898
Region 7,Region 2,44,0.104,14,0.067,6,0.047,10,0.094,7,0.044,15,0.049,25,0.051,21,0.032,38,0.049,36,0.048,37,0.052,35,0.049,54,0.074,34,0.047,47,0.065,47,0.065,36,0.049,33,0.038,49,0.053,57,0.071,44,0.06,35,0.051,45,0.075,42,0.09
Region 7,Region 3,78,0.184,24,0.114,19,0.148,11,0.104,1,0.006,11,0.036,40,0.081,51,0.077,44,0.057,37,0.049,34,0.048,29,0.041,43,0.059,49,0.067,60,0.084,47,0.065,41,0.056,57,0.066,80,0.087,73,0.09,77,0.105,78,0.114,103,0.171,103,0.22
Region 7,Region 4,297,0.7,126,0.601,79,0.617,37,0.349,21,0.133,62,0.204,161,0.326,317,0.476,413,0.535,384,0.509,327,0.463,277,0.389,285,0.39,284,0.39,299,0.416,240,0.33,229,0.31,353,0.41,421,0.458,412,0.51,360,0.492,439,0.643,403,0.668,348,0.744
Region 7,Region 5,534,1.258,276,1.316,171,1.336,136,1.284,166,1.05,226,0.744,275,0.556,471,0.707,517,0.67,555,0.736,579,0.819,621,0.872,663,0.907,679,0.932,670,0.933,695,0.955,559,0.757,643,0.748,868,0.944,819,1.014,714,0.976,696,1.02,606,1.004,399,0.853
Region 7,Region 6,407,0.959,206,0.982,141,1.101,76,0.718,93,0.588,126,0.415,186,0.376,283,0.425,286,0.37,366,0.485,342,0.484,301,0.423,345,0.472,360,0.494,367,0.511,402,0.553,395,0.535,488,0.567,609,0.662,577,0.714,557,0.761,510,0.747,530,0.878,447,0.955
Region 7,Region 7,1864,4.393,857,4.086,479,3.742,335,3.163,480,3.036,912,3.004,1730,3.5,2311,3.469,3365,4.358,3835,5.083,3827,5.415,3968,5.571,4335,5.928,4038,5.541,3796,5.284,3874,5.325,3768,5.101,4465,5.192,5026,5.465,4624,5.725,4127,5.642,3680,5.393,3098,5.132,2265,4.841
Region 7,Region 8,100,0.236,56,0.267,30,0.234,19,0.179,26,0.164,32,0.105,50,0.101,96,0.144,197,0.255,183,0.243,178,0.252,186,0.261,186,0.254,178,0.244,175,0.244,208,0.286,221,0.299,281,0.327,327,0.356,306,0.379,236,0.323,205,0.3,186,0.308,124,0.265
Region 7,Region 9,36,0.085,11,0.052,9,0.07,7,0.066,1,0.006,6,0.02,16,0.032,15,0.023,7,0.009,13,0.017,10,0.014,16,0.022,25,0.034,20,0.027,14,0.019,14,0.019,12,0.016,20,0.023,21,0.023,25,0.031,27,0.037,34,0.05,37,0.061,30,0.064
Region 7,Region 10,514,1.211,260,1.24,136,1.062,77,0.727,78,0.493,150,0.494,372,0.753,601,0.902,819,1.061,905,1.2,929,1.314,880,1.236,910,1.244,851,1.168,778,1.083,830,1.141,862,1.167,1087,1.264,1343,1.46,1185,1.467,1048,1.433,1021,1.496,918,1.521,682,1.458
Region 7,Region 11,77,0.181,33,0.157,25,0.195,20,0.189,9,0.057,29,0.096,71,0.144,87,0.131,100,0.13,100,0.133,111,0.157,111,0.156,120,0.164,106,0.145,96,0.134,120,0.165,89,0.12,103,0.12,143,0.155,135,0.167,120,0.164,139,0.204,159,0.263,121,0.259
Region 7,Region 12,26,0.061,9,0.043,8,0.062,1,0.009,2,0.013,5,0.016,6,0.012,8,0.012,12,0.016,7,0.009,6,0.008,8,0.011,19,0.026,16,0.022,15,0.021,22,0.03,18,0.024,15,0.017,20,0.022,22,0.027,15,0.021,27,0.04,23,0.038,36,0.077
Region 7,Region 13,0,0,0,0,0,0,0,0,0,0,0,0,0,0,0,0,0,0,0,0,0,0,0,0,0,0,0,0,0,0,0,0,0,0,0,0,0,0,0,0,0,0,0,0,0,0,0,0
Region 7,Region 14,25,0.059,16,0.076,5,0.039,6,0.057,7,0.044,6,0.02,13,0.026,19,0.029,14,0.018,22,0.029,24,0.034,27,0.038,28,0.038,19,0.026,25,0.035,29,0.04,27,0.037,41,0.048,39,0.042,34,0.042,46,0.063,45,0.066,48,0.08,34,0.073
Region 7,Region 15,178,0.419,87,0.415,44,0.344,28,0.264,22,0.139,24,0.079,78,0.158,123,0.185,100,0.13,111,0.147,135,0.191,120,0.168,126,0.172,111,0.152,125,0.174,187,0.257,146,0.198,179,0.208,187,0.203,163,0.202,148,0.202,152,0.223,188,0.311,193,0.413
Region 7,Region 16,54,0.127,19,0.091,12,0.094,6,0.057,18,0.114,29,0.096,40,0.081,79,0.119,51,0.066,33,0.044,43,0.061,61,0.086,53,0.072,63,0.086,78,0.109,66,0.091,76,0.103,97,0.113,125,0.136,107,0.132,95,0.13,109,0.16,95,0.157,61,0.13
Region 8,Region 0,11,0.026,7,0.033,2,0.016,4,0.038,3,0.019,3,0.01,12,0.024,16,0.024,9,0.012,6,0.008,3,0.004,13,0.018,11,0.015,25,0.034,19,0.026,41,0.056,26,0.035,37,0.043,32,0.035,23,0.028,39,0.053,28,0.041,27,0.045,20,0.043
Region 8,Region 1,33,0.078,18,0.086,15,0.117,20,0.189,12,0.076,11,0.036,37,0.075,60,0.09,77,0.1,56,0.074,33,0.047,33,0.046,28,0.038,48,0.066,46,0.064,54,0.074,71,0.096,80,0.093,97,0.105,65,0.08,75,0.103,96,0.141,91,0.151,64,0.137
Region 8,Region 2,0,0,3,0.014,4,0.031,1,0.009,0,0,1,0.003,5,0.01,1,0.002,2,0.003,1,0.001,5,0.007,0,0,6,0.008,5,0.007,0,0,2,0.003,2,0.003,0,0,1,0.001,3,0.004,1,0.001,4,0.006,4,0.007,1,0.002
Region 8,Region 3,32,0.075,7,0.033,2,0.016,2,0.019,1,0.006,2,0.007,9,0.018,15,0.023,8,0.01,5,0.007,4,0.006,7,0.01,10,0.014,14,0.019,19,0.026,40,0.055,16,0.022,26,0.03,27,0.029,22,0.027,24,0.033,23,0.034,31,0.051,36,0.077
Region 8,Region 4,61,0.144,30,0.143,13,0.102,10,0.094,2,0.013,8,0.026,28,0.057,66,0.099,115,0.149,123,0.163,63,0.089,76,0.107,87,0.119,90,0.123,78,0.109,48,0.066,62,0.084,107,0.124,111,0.121,115,0.142,90,0.123,114,0.167,84,0.139,56,0.12
Region 8,Region 5,80,0.189,28,0.133,27,0.211,19,0.179,26,0.164,25,0.082,40,0.081,89,0.134,116,0.15,168,0.223,120,0.17,122,0.171,129,0.176,172,0.236,114,0.159,137,0.188,137,0.185,141,0.164,191,0.208,161,0.199,156,0.213,198,0.29,161,0.267,117,0.25
Region 8,Region 6,32,0.075,15,0.072,10,0.078,3,0.028,9,0.057,14,0.046,16,0.032,23,0.035,26,0.034,29,0.038,21,0.03,13,0.018,16,0.022,12,0.016,17,0.024,24,0.033,13,0.018,18,0.021,27,0.029,33,0.041,34,0.046,40,0.059,48,0.08,43,0.092
Region 8,Region 7,78,0.184,52,0.248,24,0.187,19,0.179,15,0.095,32,0.105,64,0.129,122,0.183,196,0.254,191,0.253,209,0.296,189,0.265,203,0.278,195,0.268,173,0.241,203,0.279,208,0.282,266,0.309,284,0.309,278,0.344,242,0.331,212,0.311,181,0.3,137,0.293
Region 8,Region 8,558,1.315,246,1.173,128,1,98,0.925,150,0.949,336,1.107,717,1.45,1204,1.807,1716,2.223,1591,2.109,1483,2.098,1621,2.276,1662,2.273,1640,2.25,1531,2.131,1672,2.298,1737,2.351,2061,2.397,2290,2.49,2088,2.585,1797,2.457,1559,2.285,1148,1.902,708,1.513
Region 8,Region 9,11,0.026,4,0.019,3,0.023,1,0.009,1,0.006,0,0,5,0.01,1,0.002,5,0.006,2,0.003,1,0.001,0,0,4,0.005,7,0.01,4,0.006,7,0.01,7,0.009,9,0.01,9,0.01,7,0.009,5,0.007,5,0.007,8,0.013,10,0.021
Region 8,Region 10,87,0.205,51,0.243,26,0.203,16,0.151,21,0.133,23,0.076,62,0.125,111,0.167,201,0.26,249,0.33,222,0.314,188,0.264,216,0.295,177,0.243,205,0.285,166,0.228,187,0.253,254,0.295,257,0.279,223,0.276,249,0.34,237,0.347,228,0.378,134,0.286
Region 8,Region 11,5,0.012,1,0.005,1,0.008,2,0.019,0,0,1,0.003,2,0.004,8,0.012,7,0.009,2,0.003,8,0.011,6,0.008,10,0.014,8,0.011,4,0.006,9,0.012,6,0.008,9,0.01,11,0.012,7,0.009,17,0.023,19,0.028,14,0.023,12,0.026
Region 8,Region 12,5,0.012,0,0,2,0.016,2,0.019,1,0.006,0,0,0,0,3,0.005,5,0.006,3,0.004,2,0.003,0,0,1,0.001,2,0.003,1,0.001,10,0.014,6,0.008,10,0.012,10,0.011,10,0.012,3,0.004,6,0.009,9,0.015,13,0.028
Region 8,Region 13,0,0,0,0,0,0,0,0,0,0,0,0,0,0,0,0,0,0,0,0,0,0,0,0,0,0,0,0,0,0,0,0,0,0,0,0,0,0,0,0,0,0,0,0,0,0,0,0
Region 8,Region 14,7,0.016,2,0.01,3,0.023,1,0.009,2,0.013,1,0.003,0,0,6,0.009,7,0.009,3,0.004,2,0.003,3,0.004,3,0.004,9,0.012,5,0.007,14,0.019,15,0.02,15,0.017,19,0.021,20,0.025,12,0.016,25,0.037,16,0.027,11,0.024
Region 8,Region 15,8,0.019,5,0.024,3,0.023,2,0.019,1,0.006,0,0,2,0.004,5,0.008,6,0.008,2,0.003,5,0.007,5,0.007,2,0.003,3,0.004,1,0.001,7,0.01,4,0.005,8,0.009,8,0.009,11,0.014,7,0.01,4,0.006,15,0.025,9,0.019
Region 8,Region 16,19,0.045,5,0.024,7,0.055,7,0.066,8,0.051,7,0.023,22,0.045,41,0.062,36,0.047,31,0.041,25,0.035,28,0.039,38,0.052,47,0.064,52,0.072,58,0.08,79,0.107,77,0.09,90,0.098,78,0.097,72,0.098,75,0.11,66,0.109,32,0.068
Region 9,Region 0,304,0.716,132,0.629,77,0.602,57,0.538,68,0.43,165,0.544,299,0.605,531,0.797,630,0.816,440,0.583,487,0.689,427,0.6,462,0.632,551,0.756,516,0.718,614,0.844,714,0.967,727,0.845,645,0.701,461,0.571,396,0.541,301,0.441,297,0.492,292,0.624
Region 9,Region 1,48,0.113,28,0.133,12,0.094,10,0.094,11,0.07,35,0.115,57,0.115,75,0.113,78,0.101,91,0.121,71,0.1,33,0.046,42,0.057,39,0.054,34,0.047,36,0.049,41,0.056,41,0.048,42,0.046,34,0.042,38,0.052,42,0.062,42,0.07,45,0.096
Region 9,Region 2,59,0.139,27,0.129,25,0.195,28,0.264,35,0.221,77,0.254,69,0.14,83,0.125,127,0.164,135,0.179,144,0.204,110,0.154,105,0.144,99,0.136,115,0.16,112,0.154,100,0.135,89,0.103,86,0.094,78,0.097,73,0.1,63,0.092,92,0.152,57,0.122
Region 9,Region 3,551,1.298,231,1.101,129,1.008,113,1.067,123,0.778,206,0.679,389,0.787,566,0.85,651,0.843,636,0.843,597,0.845,633,0.889,610,0.834,745,1.022,854,1.189,989,1.359,1100,1.489,1050,1.221,1032,1.122,759,0.94,596,0.815,554,0.812,500,0.828,450,0.962
Region 9,Region 4,18,0.042,9,0.043,5,0.039,4,0.038,3,0.019,13,0.043,32,0.065,38,0.057,31,0.04,35,0.046,26,0.037,11,0.015,11,0.015,19,0.026,18,0.025,10,0.014,16,0.022,18,0.021,26,0.028,28,0.035,18,0.025,15,0.022,25,0.041,18,0.038
Region 9,Region 5,23,0.054,12,0.057,10,0.078,8,0.076,12,0.076,15,0.049,41,0.083,58,0.087,64,0.083,55,0.073,46,0.065,25,0.035,24,0.033,32,0.044,31,0.043,30,0.041,23,0.031,46,0.053,42,0.046,28,0.035,18,0.025,30,0.044,23,0.038,20,0.043
Region 9,Region 6,12,0.028,4,0.019,5,0.039,2,0.019,4,0.025,10,0.033,11,0.022,5,0.008,6,0.008,9,0.012,7,0.01,6,0.008,5,0.007,9,0.012,6,0.008,9,0.012,5,0.007,10,0.012,12,0.013,13,0.016,10,0.014,16,0.023,14,0.023,10,0.021
Region 9,Region 7,11,0.026,8,0.038,4,0.031,9,0.085,10,0.063,17,0.056,39,0.079,40,0.06,41,0.053,46,0.061,35,0.05,21,0.029,22,0.03,21,0.029,12,0.017,17,0.023,25,0.034,19,0.022,22,0.024,18,0.022,12,0.016,14,0.021,14,0.023,8,0.017
Region 9,Region 8,6,0.014,1,0.005,0,0,2,0.019,2,0.013,3,0.01,8,0.016,10,0.015,17,0.022,10,0.013,19,0.027,9,0.013,6,0.008,5,0.007,6,0.008,9,0.012,11,0.015,17,0.02,8,0.009,1,0.001,6,0.008,4,0.006,11,0.018,1,0.002
Region 9,Region 9,725,1.709,368,1.754,246,1.922,178,1.681,157,0.993,260,0.857,610,1.234,890,1.336,1101,1.426,1099,1.457,1022,1.446,988,1.387,994,1.359,997,1.368,1068,1.487,1109,1.524,1132,1.532,1177,1.369,1148,1.248,999,1.237,936,1.28,851,1.247,870,1.441,739,1.58
Region 9,Region 10,6,0.014,5,0.024,1,0.008,1,0.009,10,0.063,13,0.043,26,0.053,35,0.053,40,0.052,37,0.049,25,0.035,18,0.025,12,0.016,9,0.012,13,0.018,20,0.027,8,0.011,20,0.023,13,0.014,10,0.012,14,0.019,4,0.006,4,0.007,3,0.006
Region 9,Region 11,7,0.016,7,0.033,1,0.008,1,0.009,5,0.032,10,0.033,37,0.075,27,0.041,43,0.056,37,0.049,43,0.061,21,0.029,27,0.037,24,0.033,20,0.028,29,0.04,31,0.042,18,0.021,17,0.018,24,0.03,13,0.018,12,0.018,18,0.03,11,0.024
Region 9,Region 12,97,0.229,42,0.2,39,0.305,28,0.264,27,0.171,45,0.148,91,0.184,191,0.287,218,0.282,214,0.284,158,0.224,144,0.202,149,0.204,143,0.196,152,0.212,158,0.217,172,0.233,207,0.241,211,0.229,158,0.196,138,0.189,142,0.208,95,0.157,104,0.222
Region 9,Region 13,0,0,0,0,0,0,0,0,0,0,0,0,0,0,0,0,0,0,0,0,0,0,0,0,0,0,0,0,0,0,0,0,0,0,0,0,0,0,0,0,0,0,0,0,0,0,0,0
Region 9,Region 14,12,0.028,4,0.019,6,0.047,6,0.057,12,0.076,16,0.053,38,0.077,67,0.101,88,0.114,85,0.113,79,0.112,52,0.073,43,0.059,36,0.049,37,0.052,50,0.069,39,0.053,57,0.066,52,0.057,45,0.056,36,0.049,26,0.038,30,0.05,20,0.043
Region 9,Region 15,26,0.061,15,0.072,12,0.094,12,0.113,12,0.076,23,0.076,55,0.111,90,0.135,91,0.118,89,0.118,83,0.117,74,0.104,74,0.101,58,0.08,66,0.092,69,0.095,75,0.102,71,0.083,69,0.075,61,0.076,43,0.059,46,0.067,49,0.081,41,0.088
Region 9,Region 16,18,0.042,17,0.081,10,0.078,5,0.047,15,0.095,17,0.056,43,0.087,88,0.132,103,0.133,100,0.133,63,0.089,46,0.065,53,0.072,50,0.069,54,0.075,45,0.062,53,0.072,57,0.066,48,0.052,34,0.042,45,0.062,35,0.051,34,0.056,25,0.053
Region 10,Region 0,30,0.071,13,0.062,13,0.102,8,0.076,4,0.025,17,0.056,26,0.053,54,0.081,31,0.04,17,0.023,27,0.038,29,0.041,45,0.062,49,0.067,57,0.079,47,0.065,41,0.056,60,0.07,59,0.064,55,0.068,57,0.078,60,0.088,44,0.073,43,0.092
Region 10,Region 1,225,0.53,138,0.658,70,0.547,47,0.444,62,0.392,144,0.474,245,0.496,331,0.497,309,0.4,254,0.337,231,0.327,219,0.307,233,0.319,236,0.324,299,0.416,310,0.426,336,0.455,351,0.408,404,0.439,341,0.422,392,0.536,434,0.636,392,0.649,301,0.643
Region 10,Region 2,17,0.04,20,0.095,5,0.039,5,0.047,8,0.051,16,0.053,13,0.026,10,0.015,13,0.017,17,0.023,9,0.013,19,0.027,26,0.036,21,0.029,19,0.026,14,0.019,17,0.023,28,0.033,20,0.022,18,0.022,23,0.031,32,0.047,26,0.043,22,0.047
Region 10,Region 3,52,0.123,19,0.091,13,0.102,5,0.047,7,0.044,19,0.063,19,0.038,35,0.053,22,0.028,16,0.021,16,0.023,15,0.021,30,0.041,28,0.038,47,0.065,34,0.047,37,0.05,57,0.066,69,0.075,59,0.073,69,0.094,55,0.081,81,0.134,74,0.158
Region 10,Region 4,473,1.115,277,1.321,142,1.109,107,1.01,94,0.595,166,0.547,268,0.542,395,0.593,576,0.746,673,0.892,691,0.978,645,0.906,720,0.985,735,1.009,693,0.965,596,0.819,692,0.937,812,0.944,862,0.937,767,0.95,794,1.085,840,1.231,763,1.264,505,1.079
Region 10,Region 5,270,0.636,139,0.663,68,0.531,70,0.661,80,0.506,103,0.339,126,0.255,195,0.293,267,0.346,214,0.284,200,0.283,181,0.254,202,0.276,215,0.295,219,0.305,242,0.333,239,0.324,273,0.317,279,0.303,225,0.279,229,0.313,253,0.371,237,0.393,215,0.46
Region 10,Region 6,861,2.029,472,2.25,270,2.109,215,2.03,306,1.936,419,1.38,484,0.979,493,0.74,531,0.688,565,0.749,542,0.767,558,0.783,609,0.833,728,0.999,651,0.906,825,1.134,673,0.911,891,1.036,1121,1.219,1112,1.377,1091,1.491,1093,1.602,1101,1.824,943,2.016
Region 10,Region 7,480,1.131,236,1.125,124,0.969,104,0.982,156,0.987,293,0.965,458,0.926,652,0.979,939,1.216,904,1.198,917,1.297,861,1.209,831,1.136,873,1.198,931,1.296,906,1.245,949,1.285,1088,1.265,1290,1.403,1083,1.341,1020,1.394,926,1.357,873,1.446,651,1.391
Region 10,Region 8,122,0.288,61,0.291,29,0.227,23,0.217,31,0.196,38,0.125,69,0.14,152,0.228,223,0.289,228,0.302,228,0.323,205,0.288,238,0.325,213,0.292,216,0.301,221,0.304,206,0.279,272,0.316,358,0.389,264,0.327,271,0.37,236,0.346,188,0.311,124,0.265
Region 10,Region 9,17,0.04,20,0.095,12,0.094,4,0.038,3,0.019,6,0.02,12,0.024,8,0.012,10,0.013,12,0.016,9,0.013,16,0.022,14,0.019,13,0.018,16,0.022,18,0.025,10,0.014,10,0.012,13,0.014,15,0.019,19,0.026,20,0.029,24,0.04,30,0.064
Region 10,Region 10,1709,4.027,893,4.257,545,4.257,350,3.304,484,3.062,1007,3.317,1410,2.852,2088,3.134,2924,3.787,3602,4.774,3725,5.271,3854,5.411,4031,5.512,3841,5.271,3428,4.772,3371,4.633,3500,4.738,3964,4.61,4490,4.882,4419,5.471,4404,6.02,4038,5.918,3352,5.553,2319,4.957
Region 10,Region 11,37,0.087,22,0.105,10,0.078,3,0.028,6,0.038,15,0.049,21,0.042,34,0.051,40,0.052,31,0.041,43,0.061,38,0.053,58,0.079,45,0.062,40,0.056,39,0.054,47,0.064,53,0.062,65,0.071,58,0.072,73,0.1,79,0.116,67,0.111,57,0.122
Region 10,Region 12,22,0.052,8,0.038,0,0,2,0.019,4,0.025,6,0.02,13,0.026,13,0.02,9,0.012,3,0.004,8,0.011,14,0.02,9,0.012,8,0.011,11,0.015,18,0.025,14,0.019,21,0.024,15,0.016,13,0.016,12,0.016,12,0.018,22,0.036,21,0.045
Region 10,Region 13,0,0,0,0,0,0,0,0,0,0,0,0,0,0,0,0,0,0,0,0,0,0,0,0,0,0,0,0,0,0,0,0,0,0,0,0,1,0.001,0,0,1,0.001,0,0,0,0,0,0
Region 10,Region 14,19,0.045,3,0.014,4,0.031,2,0.019,8,0.051,10,0.033,22,0.045,20,0.03,11,0.014,10,0.013,7,0.01,8,0.011,13,0.018,11,0.015,18,0.025,33,0.045,20,0.027,33,0.038,24,0.026,26,0.032,29,0.04,39,0.057,35,0.058,26,0.056
Region 10,Region 15,102,0.24,54,0.257,32,0.25,28,0.264,24,0.152,33,0.109,40,0.081,42,0.063,42,0.054,51,0.068,63,0.089,71,0.1,69,0.094,53,0.073,75,0.104,70,0.096,79,0.107,109,0.127,78,0.085,73,0.09,86,0.118,77,0.113,71,0.118,86,0.184
Region 10,Region 16,38,0.09,17,0.081,16,0.125,2,0.019,6,0.038,28,0.092,36,0.073,40,0.06,47,0.061,22,0.029,23,0.033,16,0.022,43,0.059,46,0.063,46,0.064,54,0.074,73,0.099,77,0.09,82,0.089,64,0.079,62,0.085,82,0.12,82,0.136,44,0.094
Region 11,Region 0,30,0.071,17,0.081,10,0.078,3,0.028,7,0.044,22,0.072,70,0.142,209,0.314,105,0.136,92,0.122,84,0.119,85,0.119,84,0.115,106,0.145,113,0.157,107,0.147,71,0.096,67,0.078,67,0.073,78,0.097,75,0.103,81,0.119,51,0.084,58,0.124
Region 11,Region 1,289,0.681,178,0.849,75,0.586,58,0.548,49,0.31,108,0.356,299,0.605,494,0.741,685,0.887,651,0.863,623,0.881,566,0.795,633,0.866,549,0.753,554,0.771,588,0.808,620,0.839,657,0.764,741,0.806,646,0.8,551,0.753,512,0.75,501,0.83,388,0.829
Region 11,Region 2,76,0.179,27,0.129,7,0.055,14,0.132,66,0.418,132,0.435,154,0.312,233,0.35,236,0.306,219,0.29,250,0.354,233,0.327,237,0.324,246,0.338,217,0.302,247,0.339,212,0.287,222,0.258,213,0.232,172,0.213,161,0.22,125,0.183,112,0.186,88,0.188
Region 11,Region 3,29,0.068,15,0.072,6,0.047,7,0.066,7,0.044,11,0.036,37,0.075,120,0.18,104,0.135,90,0.119,95,0.134,79,0.111,89,0.122,116,0.159,116,0.161,124,0.17,77,0.104,97,0.113,109,0.119,114,0.141,75,0.103,86,0.126,58,0.096,54,0.115
Region 11,Region 4,43,0.101,20,0.095,7,0.055,5,0.047,2,0.013,12,0.04,55,0.111,78,0.117,119,0.154,76,0.101,59,0.083,54,0.076,69,0.094,60,0.082,65,0.09,44,0.06,41,0.056,66,0.077,62,0.067,65,0.08,57,0.078,70,0.103,71,0.118,63,0.135
Region 11,Region 5,27,0.064,15,0.072,8,0.062,6,0.057,13,0.082,21,0.069,34,0.069,55,0.083,67,0.087,69,0.091,49,0.069,51,0.072,54,0.074,69,0.095,65,0.09,59,0.081,64,0.087,63,0.073,77,0.084,66,0.082,47,0.064,43,0.063,40,0.066,28,0.06
Region 11,Region 6,36,0.085,14,0.067,9,0.07,5,0.047,7,0.044,7,0.023,32,0.065,38,0.057,38,0.049,40,0.053,43,0.061,27,0.038,47,0.064,41,0.056,34,0.047,50,0.069,56,0.076,52,0.06,67,0.073,55,0.068,48,0.066,58,0.085,58,0.096,33,0.071
Region 11,Region 7,36,0.085,27,0.129,12,0.094,7,0.066,12,0.076,30,0.099,66,0.134,116,0.174,153,0.198,114,0.151,119,0.168,142,0.199,133,0.182,117,0.161,115,0.16,107,0.147,110,0.149,140,0.163,148,0.161,142,0.176,107,0.146,102,0.149,89,0.147,59,0.126
Region 11,Region 8,5,0.012,1,0.005,2,0.016,1,0.009,1,0.006,2,0.007,2,0.004,8,0.012,12,0.016,9,0.012,7,0.01,8,0.011,10,0.014,5,0.007,4,0.006,3,0.004,8,0.011,9,0.01,17,0.018,11,0.014,6,0.008,9,0.013,9,0.015,5,0.011
Region 11,Region 9,17,0.04,12,0.057,1,0.008,3,0.028,3,0.019,6,0.02,35,0.071,30,0.045,25,0.032,25,0.033,19,0.027,24,0.034,22,0.03,16,0.022,19,0.026,25,0.034,26,0.035,38,0.044,23,0.025,28,0.035,23,0.031,28,0.041,25,0.041,27,0.058
Region 11,Region 10,15,0.035,18,0.086,3,0.023,0,0,7,0.044,12,0.04,35,0.071,44,0.066,66,0.085,52,0.069,50,0.071,45,0.063,45,0.062,37,0.051,44,0.061,50,0.069,41,0.056,58,0.067,65,0.071,65,0.08,70,0.096,50,0.073,41,0.068,30,0.064
Region 11,Region 11,325,0.766,149,0.71,104,0.812,56,0.529,64,0.405,159,0.524,412,0.833,776,1.165,1209,1.566,1325,1.756,1267,1.793,1457,2.046,1636,2.237,1516,2.08,1468,2.043,1416,1.946,1309,1.772,1409,1.639,1534,1.668,1322,1.637,1182,1.616,894,1.31,616,1.02,405,0.866
Region 11,Region 12,10,0.024,4,0.019,4,0.031,3,0.028,1,0.006,5,0.016,9,0.018,17,0.026,24,0.031,19,0.025,19,0.027,19,0.027,14,0.019,34,0.047,43,0.06,29,0.04,50,0.068,49,0.057,52,0.057,27,0.033,21,0.029,27,0.04,27,0.045,9,0.019
Region 11,Region 13,0,0,0,0,0,0,0,0,0,0,0,0,0,0,0,0,0,0,0,0,0,0,0,0,0,0,0,0,0,0,0,0,0,0,0,0,0,0,0,0,0,0,0,0,0,0,0,0
Region 11,Region 14,63,0.148,25,0.119,12,0.094,5,0.047,7,0.044,26,0.086,45,0.091,91,0.137,122,0.158,116,0.154,126,0.178,160,0.225,152,0.208,150,0.206,151,0.21,163,0.224,168,0.227,165,0.192,172,0.187,157,0.194,125,0.171,117,0.171,96,0.159,78,0.167
Region 11,Region 15,192,0.452,90,0.429,58,0.453,39,0.368,31,0.196,64,0.211,186,0.376,279,0.419,353,0.457,292,0.387,334,0.473,363,0.51,412,0.563,396,0.543,397,0.553,443,0.609,474,0.642,503,0.585,505,0.549,374,0.463,335,0.458,279,0.409,285,0.472,252,0.539
Region 11,Region 16,25,0.059,23,0.11,9,0.07,7,0.066,9,0.057,25,0.082,47,0.095,76,0.114,144,0.187,146,0.194,123,0.174,169,0.237,170,0.232,132,0.181,156,0.217,133,0.183,147,0.199,158,0.184,183,0.199,144,0.178,132,0.18,115,0.169,74,0.123,53,0.113
Region 12,Region 0,41,0.097,16,0.076,8,0.062,10,0.094,11,0.07,20,0.066,54,0.109,82,0.123,101,0.131,63,0.084,55,0.078,70,0.098,75,0.103,98,0.134,85,0.118,144,0.198,180,0.244,204,0.237,148,0.161,120,0.149,55,0.075,49,0.072,63,0.104,53,0.113
Region 12,Region 1,33,0.078,19,0.091,11,0.086,10,0.094,12,0.076,32,0.105,33,0.067,52,0.078,65,0.084,61,0.081,67,0.095,42,0.059,30,0.041,37,0.051,44,0.061,37,0.051,28,0.038,79,0.092,59,0.064,45,0.056,26,0.036,27,0.04,26,0.043,44,0.094
Region 12,Region 2,31,0.073,11,0.052,16,0.125,11,0.104,23,0.145,33,0.109,36,0.073,42,0.063,40,0.052,50,0.066,52,0.074,39,0.055,44,0.06,53,0.073,60,0.084,64,0.088,64,0.087,50,0.058,39,0.042,40,0.05,40,0.055,38,0.056,49,0.081,33,0.071
Region 12,Region 3,134,0.316,41,0.195,33,0.258,19,0.179,26,0.164,37,0.122,69,0.14,119,0.179,148,0.192,128,0.17,109,0.154,116,0.163,114,0.156,121,0.166,157,0.219,218,0.3,252,0.341,247,0.287,274,0.298,167,0.207,110,0.15,126,0.185,122,0.202,111,0.237
Region 12,Region 4,8,0.019,5,0.024,4,0.031,5,0.047,4,0.025,1,0.003,17,0.034,25,0.038,19,0.025,16,0.021,5,0.007,13,0.018,8,0.011,7,0.01,15,0.021,16,0.022,7,0.009,16,0.019,18,0.02,13,0.016,11,0.015,14,0.021,13,0.022,14,0.03
Region 12,Region 5,33,0.078,11,0.052,7,0.055,8,0.076,10,0.063,13,0.043,23,0.047,38,0.057,46,0.06,49,0.065,46,0.065,51,0.072,43,0.059,31,0.043,43,0.06,35,0.048,34,0.046,60,0.07,43,0.047,36,0.045,37,0.051,29,0.042,31,0.051,20,0.043
Region 12,Region 6,8,0.019,1,0.005,0,0,3,0.028,1,0.006,2,0.007,5,0.01,6,0.009,8,0.01,2,0.003,1,0.001,2,0.003,0,0,4,0.005,6,0.008,7,0.01,3,0.004,7,0.008,5,0.005,9,0.011,5,0.007,10,0.015,4,0.007,4,0.009
Region 12,Region 7,8,0.019,4,0.019,5,0.039,7,0.066,4,0.025,8,0.026,14,0.028,28,0.042,45,0.058,31,0.041,28,0.04,24,0.034,25,0.034,25,0.034,20,0.028,13,0.018,20,0.027,29,0.034,31,0.034,31,0.038,14,0.019,11,0.016,10,0.017,7,0.015
Region 12,Region 8,2,0.005,1,0.005,0,0,1,0.009,2,0.013,2,0.007,5,0.01,9,0.014,12,0.016,11,0.015,6,0.008,10,0.014,9,0.012,2,0.003,4,0.006,5,0.007,5,0.007,12,0.014,8,0.009,6,0.007,8,0.011,8,0.012,2,0.003,7,0.015
Region 12,Region 9,92,0.217,33,0.157,32,0.25,27,0.255,16,0.101,25,0.082,59,0.119,104,0.156,165,0.214,171,0.227,122,0.173,125,0.176,136,0.186,140,0.192,148,0.206,210,0.289,231,0.313,226,0.263,198,0.215,147,0.182,137,0.187,140,0.205,124,0.205,101,0.216
Region 12,Region 10,8,0.019,1,0.005,2,0.016,7,0.066,3,0.019,4,0.013,16,0.032,29,0.044,30,0.039,21,0.028,28,0.04,25,0.035,11,0.015,17,0.023,13,0.018,17,0.023,19,0.026,20,0.023,22,0.024,16,0.02,14,0.019,8,0.012,9,0.015,5,0.011
Region 12,Region 11,3,0.007,3,0.014,2,0.016,6,0.057,3,0.019,7,0.023,18,0.036,40,0.06,77,0.1,40,0.053,36,0.051,34,0.048,26,0.036,27,0.037,25,0.035,30,0.041,24,0.032,41,0.048,29,0.032,18,0.022,7,0.01,21,0.031,10,0.017,10,0.021
Region 12,Region 12,272,0.641,142,0.677,85,0.664,68,0.642,64,0.405,97,0.32,190,0.384,476,0.714,663,0.859,633,0.839,554,0.784,597,0.838,584,0.799,587,0.805,595,0.828,655,0.9,727,0.984,718,0.835,673,0.732,611,0.756,502,0.686,481,0.705,383,0.634,317,0.678
Region 12,Region 13,0,0,0,0,0,0,0,0,0,0,0,0,0,0,0,0,0,0,0,0,0,0,0,0,0,0,0,0,0,0,0,0,0,0,0,0,0,0,0,0,0,0,0,0,0,0,0,0
Region 12,Region 14,40,0.094,26,0.124,16,0.125,12,0.113,7,0.044,13,0.043,62,0.125,122,0.183,189,0.245,155,0.205,143,0.202,145,0.204,123,0.168,111,0.152,102,0.142,124,0.17,147,0.199,162,0.188,146,0.159,135,0.167,109,0.149,93,0.136,53,0.088,60,0.128
Region 12,Region 15,90,0.212,30,0.143,33,0.258,15,0.142,22,0.139,44,0.145,94,0.19,180,0.27,237,0.307,208,0.276,164,0.232,143,0.201,174,0.238,178,0.244,166,0.231,194,0.267,173,0.234,235,0.273,207,0.225,184,0.228,175,0.239,153,0.224,122,0.202,118,0.252
Region 12,Region 16,19,0.045,9,0.043,9,0.07,7,0.066,8,0.051,23,0.076,37,0.075,84,0.126,116,0.15,88,0.117,82,0.116,64,0.09,65,0.089,68,0.093,48,0.067,43,0.059,65,0.088,73,0.085,86,0.094,56,0.069,35,0.048,42,0.062,39,0.065,27,0.058
Region 13,Region 0,0,0,0,0,0,0,0,0,0,0,0,0,0,0,0,0,0,0,0,0,0,0,0,0,0,0,0,0,0,0,0,0,0,0,0,0,0,0,0,0,0,0,0,0,0,0,0,0
Region 13,Region 1,0,0,0,0,0,0,0,0,0,0,0,0,0,0,0,0,0,0,0,0,1,0.001,0,0,0,0,0,0,0,0,0,0,0,0,0,0,0,0,0,0,0,0,0,0,0,0,0,0
Region 13,Region 2,0,0,0,0,0,0,0,0,0,0,0,0,0,0,0,0,0,0,0,0,0,0,0,0,0,0,0,0,0,0,0,0,0,0,0,0,0,0,0,0,0,0,0,0,0,0,0,0
Region 13,Region 3,0,0,0,0,0,0,0,0,0,0,0,0,0,0,0,0,0,0,0,0,0,0,0,0,0,0,0,0,0,0,0,0,0,0,0,0,0,0,0,0,0,0,0,0,0,0,0,0
Region 13,Region 4,1,0.002,0,0,0,0,0,0,0,0,0,0,0,0,0,0,0,0,0,0,0,0,0,0,0,0,0,0,0,0,0,0,0,0,0,0,0,0,0,0,0,0,0,0,1,0.002,1,0.002
Region 13,Region 5,0,0,0,0,0,0,0,0,0,0,0,0,0,0,0,0,0,0,0,0,0,0,0,0,0,0,0,0,0,0,0,0,0,0,0,0,0,0,0,0,0,0,0,0,0,0,0,0
Region 13,Region 6,0,0,0,0,0,0,0,0,0,0,0,0,0,0,0,0,0,0,0,0,0,0,0,0,0,0,0,0,0,0,0,0,0,0,0,0,0,0,0,0,0,0,0,0,0,0,0,0
Region 13,Region 7,0,0,0,0,0,0,0,0,0,0,0,0,0,0,0,0,0,0,0,0,0,0,0,0,0,0,0,0,0,0,0,0,0,0,0,0,0,0,0,0,0,0,0,0,0,0,0,0
Region 13,Region 8,0,0,0,0,0,0,0,0,0,0,0,0,0,0,0,0,0,0,0,0,0,0,0,0,0,0,0,0,0,0,0,0,0,0,0,0,0,0,0,0,0,0,0,0,0,0,0,0
Region 13,Region 9,0,0,0,0,0,0,0,0,0,0,0,0,0,0,0,0,0,0,0,0,0,0,0,0,0,0,0,0,0,0,0,0,0,0,0,0,0,0,0,0,0,0,0,0,0,0,0,0
Region 13,Region 10,0,0,0,0,0,0,0,0,0,0,0,0,0,0,0,0,0,0,0,0,1,0.001,0,0,0,0,0,0,0,0,0,0,0,0,0,0,0,0,0,0,0,0,0,0,1,0.002,0,0
Region 13,Region 11,0,0,0,0,0,0,0,0,0,0,0,0,0,0,0,0,0,0,0,0,0,0,0,0,0,0,0,0,0,0,0,0,0,0,0,0,0,0,0,0,0,0,0,0,0,0,0,0
Region 13,Region 12,0,0,0,0,0,0,0,0,0,0,0,0,0,0,0,0,0,0,0,0,0,0,0,0,0,0,0,0,0,0,0,0,0,0,0,0,0,0,0,0,0,0,0,0,0,0,0,0
Region 13,Region 13,3,0.007,0,0,2,0.016,1,0.009,1,0.006,4,0.013,4,0.008,5,0.008,7,0.009,5,0.007,9,0.013,12,0.017,9,0.012,11,0.015,4,0.006,10,0.014,14,0.019,4,0.005,7,0.008,4,0.005,8,0.011,7,0.01,2,0.003,2,0.004
Region 13,Region 14,0,0,0,0,0,0,0,0,0,0,0,0,0,0,0,0,0,0,0,0,0,0,0,0,0,0,0,0,0,0,0,0,0,0,0,0,0,0,0,0,0,0,0,0,0,0,0,0
Region 13,Region 15,0,0,0,0,0,0,0,0,0,0,0,0,0,0,0,0,0,0,0,0,0,0,0,0,0,0,0,0,0,0,0,0,0,0,1,0.001,0,0,0,0,0,0,0,0,0,0,0,0
Region 13,Region 16,0,0,0,0,0,0,0,0,0,0,0,0,0,0,0,0,0,0,0,0,0,0,0,0,0,0,0,0,0,0,0,0,0,0,0,0,0,0,0,0,0,0,0,0,0,0,0,0
Region 14,Region 0,22,0.052,15,0.072,4,0.031,2,0.019,3,0.019,17,0.056,40,0.081,112,0.168,120,0.155,74,0.098,79,0.112,74,0.104,90,0.123,71,0.097,91,0.127,129,0.177,137,0.185,140,0.163,134,0.146,76,0.094,70,0.096,58,0.085,48,0.08,47,0.1
Region 14,Region 1,58,0.137,39,0.186,19,0.148,17,0.16,15,0.095,36,0.119,62,0.125,126,0.189,139,0.18,118,0.156,97,0.137,93,0.131,76,0.104,94,0.129,67,0.093,87,0.12,77,0.104,122,0.142,128,0.139,86,0.106,81,0.111,100,0.147,72,0.119,81,0.173
Region 14,Region 2,23,0.054,12,0.057,6,0.047,7,0.066,29,0.183,45,0.148,45,0.091,65,0.098,55,0.071,58,0.077,52,0.074,46,0.065,65,0.089,60,0.082,53,0.074,77,0.106,49,0.066,43,0.05,41,0.045,33,0.041,26,0.036,31,0.045,36,0.06,22,0.047
Region 14,Region 3,70,0.165,31,0.148,20,0.156,9,0.085,8,0.051,32,0.105,73,0.148,108,0.162,117,0.152,97,0.129,104,0.147,119,0.167,93,0.127,119,0.163,126,0.175,150,0.206,131,0.177,172,0.2,181,0.197,122,0.151,122,0.167,121,0.177,105,0.174,109,0.233
Region 14,Region 4,15,0.035,8,0.038,2,0.016,1,0.009,0,0,3,0.01,14,0.028,36,0.054,31,0.04,32,0.042,20,0.028,17,0.024,13,0.018,20,0.027,18,0.025,6,0.008,13,0.018,28,0.033,21,0.023,19,0.024,18,0.025,20,0.029,19,0.031,17,0.036
Region 14,Region 5,25,0.059,18,0.086,7,0.055,8,0.076,16,0.101,20,0.066,49,0.099,57,0.086,49,0.063,50,0.066,67,0.095,71,0.1,50,0.068,56,0.077,49,0.068,39,0.054,49,0.066,78,0.091,68,0.074,56,0.069,43,0.059,45,0.066,46,0.076,34,0.073
Region 14,Region 6,7,0.016,5,0.024,1,0.008,1,0.009,2,0.013,3,0.01,9,0.018,5,0.008,6,0.008,6,0.008,5,0.007,6,0.008,5,0.007,3,0.004,6,0.008,9,0.012,7,0.009,16,0.019,12,0.013,10,0.012,16,0.022,14,0.021,11,0.018,11,0.024
Region 14,Region 7,18,0.042,8,0.038,3,0.023,5,0.047,5,0.032,9,0.03,13,0.026,39,0.059,36,0.047,51,0.068,41,0.058,48,0.067,37,0.051,30,0.041,26,0.036,32,0.044,35,0.047,45,0.052,43,0.047,34,0.042,32,0.044,34,0.05,10,0.017,20,0.043
Region 14,Region 8,7,0.016,5,0.024,0,0,1,0.009,2,0.013,0,0,5,0.01,10,0.015,10,0.013,14,0.019,6,0.008,9,0.013,7,0.01,8,0.011,11,0.015,7,0.01,18,0.024,17,0.02,13,0.014,11,0.014,6,0.008,5,0.007,8,0.013,4,0.009
Region 14,Region 9,34,0.08,13,0.062,11,0.086,6,0.057,3,0.019,13,0.043,18,0.036,35,0.053,47,0.061,41,0.054,32,0.045,41,0.058,55,0.075,42,0.058,50,0.07,46,0.063,74,0.1,74,0.086,75,0.082,45,0.056,41,0.056,37,0.054,29,0.048,37,0.079
Region 14,Region 10,13,0.031,7,0.033,1,0.008,0,0,5,0.032,7,0.023,10,0.02,32,0.048,32,0.041,25,0.033,19,0.027,24,0.034,21,0.029,18,0.025,23,0.032,23,0.032,21,0.028,22,0.026,24,0.026,16,0.02,22,0.03,18,0.026,13,0.022,14,0.03
Region 14,Region 11,54,0.127,27,0.129,13,0.102,14,0.132,5,0.032,21,0.069,52,0.105,121,0.182,177,0.229,168,0.223,152,0.215,146,0.205,174,0.238,152,0.209,153,0.213,124,0.17,123,0.167,138,0.16,137,0.149,129,0.16,109,0.149,112,0.164,93,0.154,67,0.143
Region 14,Region 12,43,0.101,38,0.181,17,0.133,13,0.123,9,0.057,14,0.046,34,0.069,57,0.086,103,0.133,135,0.179,74,0.105,132,0.185,106,0.145,127,0.174,110,0.153,147,0.202,168,0.227,163,0.19,146,0.159,107,0.132,103,0.141,102,0.149,86,0.142,72,0.154
Region 14,Region 13,0,0,0,0,0,0,0,0,0,0,0,0,0,0,0,0,0,0,0,0,0,0,0,0,0,0,0,0,0,0,0,0,0,0,0,0,0,0,0,0,0,0,0,0,0,0,0,0
Region 14,Region 14,146,0.344,103,0.491,60,0.469,35,0.33,51,0.323,46,0.152,96,0.194,262,0.393,365,0.473,407,0.539,402,0.569,500,0.702,547,0.748,478,0.656,475,0.661,433,0.595,435,0.589,517,0.601,611,0.664,536,0.664,483,0.66,388,0.569,286,0.474,230,0.492
Region 14,Region 15,43,0.101,21,0.1,12,0.094,10,0.094,15,0.095,17,0.056,33,0.067,78,0.117,83,0.108,73,0.097,81,0.115,69,0.097,98,0.134,93,0.128,87,0.121,116,0.159,133,0.18,104,0.121,138,0.15,119,0.147,135,0.185,101,0.148,102,0.169,73,0.156
Region 14,Region 16,50,0.118,27,0.129,13,0.102,13,0.123,24,0.152,41,0.135,51,0.103,94,0.141,153,0.198,162,0.215,137,0.194,198,0.278,186,0.254,175,0.24,155,0.216,175,0.241,164,0.222,224,0.26,214,0.233,182,0.225,158,0.216,150,0.22,113,0.187,107,0.229
Region 15,Region 0,56,0.132,22,0.105,22,0.172,16,0.151,17,0.108,41,0.135,62,0.125,115,0.173,84,0.109,71,0.094,79,0.112,77,0.108,75,0.103,84,0.115,100,0.139,95,0.131,99,0.134,100,0.116,96,0.104,97,0.12,91,0.124,90,0.132,82,0.136,71,0.152
Region 15,Region 1,303,0.714,183,0.872,130,1.016,105,0.991,194,1.227,331,1.09,481,0.973,503,0.755,476,0.617,471,0.624,358,0.507,277,0.389,221,0.302,267,0.366,253,0.352,282,0.388,270,0.365,420,0.488,422,0.459,348,0.431,312,0.427,357,0.523,311,0.515,285,0.609
Region 15,Region 2,254,0.599,95,0.453,67,0.523,84,0.793,123,0.778,258,0.85,398,0.805,459,0.689,530,0.686,517,0.685,474,0.671,448,0.629,450,0.615,442,0.607,493,0.686,548,0.753,472,0.639,531,0.617,511,0.556,400,0.495,332,0.454,331,0.485,303,0.502,256,0.547
Region 15,Region 3,127,0.299,53,0.253,24,0.187,21,0.198,37,0.234,62,0.204,104,0.21,140,0.21,170,0.22,198,0.262,189,0.267,212,0.298,185,0.253,160,0.22,162,0.225,145,0.199,151,0.204,153,0.178,130,0.141,146,0.181,169,0.231,178,0.261,83,0.137,109,0.233
Region 15,Region 4,160,0.377,85,0.405,39,0.305,25,0.236,28,0.177,187,0.616,313,0.633,303,0.455,303,0.392,266,0.353,156,0.221,124,0.174,128,0.175,156,0.214,129,0.18,91,0.125,129,0.175,229,0.266,235,0.256,210,0.26,196,0.268,206,0.302,177,0.293,138,0.295
Region 15,Region 5,31,0.073,15,0.072,15,0.117,11,0.104,14,0.089,20,0.066,34,0.069,29,0.044,46,0.06,27,0.036,27,0.038,34,0.048,36,0.049,29,0.04,24,0.033,29,0.04,20,0.027,30,0.035,47,0.051,41,0.051,29,0.04,27,0.04,28,0.046,28,0.06
Region 15,Region 6,98,0.231,57,0.272,28,0.219,16,0.151,45,0.285,111,0.366,149,0.301,157,0.236,126,0.163,140,0.186,103,0.146,81,0.114,80,0.109,82,0.113,96,0.134,101,0.139,104,0.141,163,0.19,141,0.153,128,0.158,127,0.174,116,0.17,101,0.167,84,0.18
Region 15,Region 7,75,0.177,41,0.195,33,0.258,28,0.264,49,0.31,143,0.471,216,0.437,211,0.317,237,0.307,228,0.302,166,0.235,130,0.183,144,0.197,153,0.21,109,0.152,108,0.148,132,0.179,151,0.176,196,0.213,192,0.238,132,0.18,113,0.166,103,0.171,103,0.22
Region 15,Region 8,5,0.012,3,0.014,0,0,0,0,4,0.025,7,0.023,5,0.01,7,0.011,13,0.017,8,0.011,4,0.006,3,0.004,6,0.008,5,0.007,3,0.004,9,0.012,6,0.008,5,0.006,8,0.009,3,0.004,13,0.018,6,0.009,2,0.003,4,0.009
Region 15,Region 9,83,0.196,46,0.219,21,0.164,21,0.198,15,0.095,28,0.092,55,0.111,85,0.128,78,0.101,68,0.09,62,0.088,67,0.094,76,0.104,68,0.093,78,0.109,76,0.104,94,0.127,91,0.106,123,0.134,103,0.128,94,0.128,101,0.148,85,0.141,90,0.192
Region 15,Region 10,35,0.082,24,0.114,12,0.094,13,0.123,26,0.164,79,0.26,97,0.196,89,0.134,95,0.123,100,0.133,110,0.156,80,0.112,67,0.092,53,0.073,58,0.081,76,0.104,59,0.08,92,0.107,98,0.107,85,0.105,69,0.094,66,0.097,47,0.078,36,0.077
Region 15,Region 11,158,0.372,73,0.348,46,0.359,43,0.406,82,0.519,184,0.606,346,0.7,459,0.689,600,0.777,511,0.677,452,0.64,468,0.657,385,0.526,360,0.494,411,0.572,409,0.562,422,0.571,544,0.633,521,0.566,369,0.457,304,0.416,248,0.363,228,0.378,141,0.301
Region 15,Region 12,136,0.32,54,0.257,41,0.32,27,0.255,21,0.133,52,0.171,107,0.216,207,0.311,245,0.317,244,0.323,240,0.34,256,0.359,248,0.339,249,0.342,271,0.377,327,0.449,358,0.485,342,0.398,339,0.369,229,0.284,233,0.319,191,0.28,142,0.235,131,0.28
Region 15,Region 13,0,0,0,0,0,0,0,0,0,0,0,0,0,0,0,0,0,0,0,0,0,0,0,0,0,0,0,0,0,0,0,0,0,0,0,0,0,0,0,0,0,0,0,0,0,0,0,0
Region 15,Region 14,69,0.163,39,0.186,19,0.148,11,0.104,25,0.158,31,0.102,68,0.138,110,0.165,146,0.189,146,0.194,127,0.18,122,0.171,133,0.182,129,0.177,115,0.16,140,0.192,159,0.215,169,0.197,177,0.192,152,0.188,107,0.146,86,0.126,77,0.128,67,0.143
Region 15,Region 15,946,2.229,450,2.145,286,2.234,176,1.662,239,1.512,405,1.334,970,1.962,1658,2.489,1920,2.487,1875,2.485,1768,2.502,1822,2.558,1718,2.349,1805,2.477,1876,2.611,2055,2.824,2270,3.073,2391,2.78,2168,2.357,1727,2.138,1616,2.209,1418,2.078,1150,1.905,1073,2.293
Region 15,Region 16,19,0.045,6,0.029,6,0.047,1,0.009,3,0.019,20,0.066,33,0.067,50,0.075,88,0.114,65,0.086,68,0.096,46,0.065,58,0.079,42,0.058,48,0.067,39,0.054,46,0.062,64,0.074,55,0.06,45,0.056,22,0.03,30,0.044,31,0.051,34,0.073
Region 16,Region 0,44,0.104,11,0.052,10,0.078,4,0.038,3,0.019,18,0.059,37,0.075,155,0.233,125,0.162,94,0.125,124,0.175,105,0.147,100,0.137,114,0.156,151,0.21,148,0.203,93,0.126,141,0.164,116,0.126,88,0.109,71,0.097,78,0.114,107,0.177,65,0.139
Region 16,Region 1,201,0.474,86,0.41,42,0.328,37,0.349,51,0.323,87,0.287,188,0.38,321,0.482,483,0.626,418,0.554,354,0.501,377,0.529,377,0.516,360,0.494,347,0.483,343,0.471,339,0.459,469,0.545,528,0.574,374,0.463,337,0.461,347,0.509,321,0.532,238,0.509
Region 16,Region 2,13,0.031,3,0.014,3,0.023,2,0.019,32,0.202,38,0.125,33,0.067,28,0.042,55,0.071,58,0.077,41,0.058,52,0.073,47,0.064,43,0.059,33,0.046,39,0.054,27,0.037,39,0.045,31,0.034,14,0.017,20,0.027,16,0.023,17,0.028,18,0.038
Region 16,Region 3,124,0.292,39,0.186,16,0.125,6,0.057,10,0.063,28,0.092,76,0.154,141,0.212,138,0.179,147,0.195,127,0.18,107,0.15,113,0.155,161,0.221,209,0.291,160,0.22,118,0.16,136,0.158,153,0.166,145,0.18,169,0.231,137,0.201,174,0.288,165,0.353
Region 16,Region 4,25,0.059,13,0.062,7,0.055,9,0.085,1,0.006,10,0.033,27,0.055,49,0.074,47,0.061,37,0.049,32,0.045,21,0.029,42,0.057,36,0.049,33,0.046,36,0.049,35,0.047,37,0.043,37,0.04,47,0.058,42,0.057,49,0.072,45,0.075,28,0.06
Region 16,Region 5,93,0.219,57,0.272,42,0.328,27,0.255,48,0.304,73,0.24,125,0.253,210,0.315,271,0.351,234,0.31,186,0.263,219,0.307,227,0.31,198,0.272,230,0.32,171,0.235,175,0.237,228,0.265,288,0.313,248,0.307,194,0.265,200,0.293,190,0.315,111,0.237
Region 16,Region 6,15,0.035,8,0.038,1,0.008,4,0.038,3,0.019,8,0.026,4,0.008,9,0.014,14,0.018,11,0.015,6,0.008,5,0.007,7,0.01,10,0.014,10,0.014,13,0.018,10,0.014,16,0.019,16,0.017,18,0.022,29,0.04,14,0.021,16,0.027,23,0.049
Region 16,Region 7,32,0.075,25,0.119,6,0.047,4,0.038,19,0.12,32,0.105,35,0.071,78,0.117,124,0.161,101,0.134,75,0.106,73,0.102,71,0.097,87,0.119,106,0.148,86,0.118,74,0.1,103,0.12,119,0.129,97,0.12,87,0.119,69,0.101,88,0.146,52,0.111
Region 16,Region 8,20,0.047,7,0.033,6,0.047,3,0.028,4,0.025,21,0.069,69,0.14,124,0.186,115,0.149,65,0.086,63,0.089,74,0.104,54,0.074,51,0.07,59,0.082,65,0.089,77,0.104,71,0.083,82,0.089,60,0.074,52,0.071,40,0.059,40,0.066,22,0.047
Region 16,Region 9,25,0.059,14,0.067,12,0.094,4,0.038,3,0.019,14,0.046,25,0.051,44,0.066,50,0.065,40,0.053,33,0.047,55,0.077,45,0.062,40,0.055,43,0.06,37,0.051,24,0.032,35,0.041,35,0.038,26,0.032,32,0.044,27,0.04,36,0.06,39,0.083
Region 16,Region 10,20,0.047,8,0.038,8,0.062,2,0.019,4,0.025,17,0.056,39,0.079,66,0.099,88,0.114,86,0.114,67,0.095,39,0.055,43,0.059,46,0.063,41,0.057,55,0.076,54,0.073,59,0.069,69,0.075,54,0.067,51,0.07,42,0.062,55,0.091,40,0.085
Region 16,Region 11,21,0.049,11,0.052,5,0.039,9,0.085,9,0.057,12,0.04,27,0.055,73,0.11,107,0.139,141,0.187,123,0.174,119,0.167,136,0.186,137,0.188,126,0.175,123,0.169,105,0.142,107,0.124,135,0.147,126,0.156,98,0.134,99,0.145,77,0.128,48,0.103
Region 16,Region 12,27,0.064,20,0.095,8,0.062,2,0.019,5,0.032,4,0.013,23,0.047,34,0.051,85,0.11,64,0.085,67,0.095,54,0.076,53,0.072,45,0.062,52,0.072,56,0.077,63,0.085,66,0.077,65,0.071,44,0.054,40,0.055,47,0.069,41,0.068,41,0.088
Region 16,Region 13,0,0,0,0,0,0,0,0,0,0,0,0,0,0,0,0,0,0,0,0,0,0,0,0,0,0,0,0,0,0,0,0,0,0,0,0,0,0,0,0,0,0,0,0,0,0,0,0
Region 16,Region 14,47,0.111,35,0.167,20,0.156,7,0.066,10,0.063,21,0.069,36,0.073,101,0.152,130,0.168,117,0.155,125,0.177,128,0.18,152,0.208,133,0.183,152,0.212,156,0.214,151,0.204,165,0.192,168,0.183,147,0.182,159,0.217,124,0.182,99,0.164,79,0.169
Region 16,Region 15,16,0.038,15,0.072,6,0.047,1,0.009,2,0.013,7,0.023,15,0.03,18,0.027,26,0.034,30,0.04,25,0.035,33,0.046,35,0.048,34,0.047,37,0.052,35,0.048,55,0.074,47,0.055,41,0.045,33,0.041,32,0.044,22,0.032,37,0.061,45,0.096
Region 16,Region 16,316,0.745,149,0.71,78,0.609,53,0.5,89,0.563,207,0.682,522,1.056,994,1.492,1319,1.708,1221,1.618,1127,1.595,1197,1.681,1277,1.746,1280,1.756,1270,1.768,1269,1.744,1294,1.752,1600,1.861,1750,1.903,1539,1.905,1224,1.673,1025,1.502,711,1.178,446,0.953